#include "lvgl.h"

#ifndef UI_FONT_ZH_16
#define UI_FONT_ZH_16 1
#endif

#if UI_FONT_ZH_16

static LV_ATTRIBUTE_LARGE_CONST const uint8_t glyph_bitmap[] = {
    /* U+0020 */
    /* empty */
    /* U+0021 */
    0x44, 0xaa, 0xaa, 0xaa, 0xaa, 0xaa, 0xaa, 0xaa, 0x44, 0x00, 0x44, 0xfd, 0x44, 
    /* U+0022 */
    0x44, 0x46, 0xaa, 0x8d, 0xaa, 0x6a, 0x88, 0x6a, 0x33, 0x34, 
    /* U+0023 */
    0x00, 0x00, 0x34, 0x01, 0x50, 0x00, 0x00, 0x09, 0x50, 0x59, 0x00, 0x00, 0x00, 0xd3, 0x08, 0x60, 
    0x00, 0x36, 0x6f, 0x66, 0xd8, 0x61, 0x03, 0x69, 0xd6, 0x7f, 0x66, 0x10, 0x00, 0x68, 0x03, 0xd0, 
    0x00, 0x00, 0x09, 0x60, 0x5a, 0x00, 0x00, 0x66, 0xd8, 0x6a, 0xa6, 0x40, 0x06, 0x7f, 0x66, 0xf8, 
    0x64, 0x00, 0x03, 0xc0, 0x0f, 0x00, 0x00, 0x00, 0x68, 0x03, 0xd0, 0x00, 0x00, 0x04, 0x30, 0x34, 
    0x00, 0x00, 
    /* U+0024 */
    0x00, 0x01, 0x40, 0x00, 0x00, 0x17, 0xd4, 0x00, 0x04, 0xfa, 0xd8, 0xc0, 0x0f, 0x73, 0xa0, 0x22, 
    0x3f, 0x63, 0xa0, 0x00, 0x0f, 0x93, 0xa0, 0x00, 0x07, 0xfc, 0xa0, 0x00, 0x00, 0x5f, 0xf8, 0x00, 
    0x00, 0x03, 0xdf, 0xf2, 0x00, 0x03, 0xa2, 0xf9, 0x00, 0x03, 0xa0, 0xac, 0x23, 0x03, 0xa0, 0xd8, 
    0x0c, 0xc8, 0xdd, 0xc0, 0x00, 0x48, 0xd3, 0x00, 0x00, 0x03, 0xa0, 0x00, 0x00, 0x01, 0x40, 0x00, 
    /* U+0025 */
    0x01, 0x56, 0x20, 0x00, 0x02, 0x60, 0x02, 0xf8, 0x7f, 0x40, 0x00, 0xc6, 0x00, 0x97, 0x00, 0x6a, 
    0x00, 0x6c, 0x00, 0x0a, 0x60, 0x03, 0xa0, 0x1f, 0x20, 0x00, 0x97, 0x00, 0x69, 0x0a, 0x60, 0x00, 
    0x03, 0xf7, 0x7f, 0x25, 0xd0, 0x00, 0x00, 0x01, 0x66, 0x11, 0xf3, 0x04, 0x64, 0x00, 0x00, 0x00, 
    0xa7, 0x0c, 0xa6, 0xd7, 0x00, 0x00, 0x4f, 0x05, 0xc0, 0x03, 0xf0, 0x00, 0x0f, 0x40, 0x6a, 0x00, 
    0x0f, 0x00, 0x09, 0x90, 0x05, 0xc0, 0x03, 0xf0, 0x03, 0xf0, 0x00, 0x0f, 0x96, 0xf4, 0x00, 0x43, 
    0x00, 0x00, 0x05, 0x63, 0x00, 
    /* U+0026 */
    0x00, 0x01, 0x66, 0x40, 0x00, 0x00, 0x00, 0x00, 0x4f, 0x87, 0xf8, 0x00, 0x00, 0x00, 0x00, 0xf8, 
    0x00, 0x4f, 0x20, 0x00, 0x00, 0x00, 0xf7, 0x00, 0x4f, 0x20, 0x36, 0x00, 0x00, 0x9f, 0x23, 0xfa, 
    0x00, 0x6f, 0x00, 0x00, 0x1f, 0xff, 0x80, 0x00, 0x6f, 0x00, 0x02, 0xfd, 0x6d, 0xf4, 0x00, 0x8c, 
    0x00, 0x1f, 0x90, 0x00, 0x8f, 0x40, 0xf5, 0x00, 0x5f, 0x10, 0x00, 0x08, 0xf8, 0xf0, 0x00, 0x6f, 
    0x00, 0x00, 0x00, 0xcf, 0x40, 0x00, 0x2f, 0x50, 0x00, 0x03, 0xff, 0x80, 0x00, 0x05, 0xfa, 0x66, 
    0xcf, 0x44, 0xf9, 0x62, 0x00, 0x14, 0x66, 0x30, 0x00, 0x16, 0x60, 
    /* U+0027 */
    0x16, 0x31, 0xf4, 0x0f, 0x30, 0xf3, 0x06, 0x10, 
    /* U+0028 */
    0x00, 0x05, 0x30, 0x04, 0xd0, 0x00, 0xf4, 0x00, 0x5d, 0x00, 0x0c, 0x70, 0x00, 0xf3, 0x00, 0x3f, 
    0x00, 0x03, 0xf0, 0x00, 0x3f, 0x00, 0x03, 0xf0, 0x00, 0x0f, 0x30, 0x00, 0xd6, 0x00, 0x06, 0xd0, 
    0x00, 0x0f, 0x40, 0x00, 0x5d, 0x00, 0x00, 0x53, 
    /* U+0029 */
    0x06, 0x00, 0x00, 0x7a, 0x00, 0x00, 0xf4, 0x00, 0x06, 0xd0, 0x00, 0x1f, 0x20, 0x00, 0xd5, 0x00, 
    0x0a, 0x70, 0x00, 0xaa, 0x00, 0x0a, 0xa0, 0x00, 0xa8, 0x00, 0x0d, 0x60, 0x01, 0xf2, 0x00, 0x6d, 
    0x00, 0x0f, 0x40, 0x07, 0xc0, 0x00, 0x60, 0x00, 
    /* U+002A */
    0x00, 0x34, 0x00, 0x00, 0x04, 0xa0, 0x00, 0x33, 0x3a, 0x24, 0x04, 0x9d, 0xfa, 0x70, 0x01, 0xda, 
    0x50, 0x00, 0xc6, 0x1f, 0x30, 0x03, 0x00, 0x30, 0x00, 
    /* U+002B */
    0x00, 0x01, 0x60, 0x00, 0x00, 0x00, 0x3f, 0x00, 0x00, 0x00, 0x03, 0xf0, 0x00, 0x03, 0x66, 0x8f, 
    0x66, 0x63, 0x36, 0x68, 0xf6, 0x66, 0x30, 0x00, 0x3f, 0x00, 0x00, 0x00, 0x03, 0xf0, 0x00, 0x00, 
    0x00, 0x16, 0x00, 0x00, 
    /* U+002C */
    0x16, 0x15, 0xf0, 0x98, 0x0d, 0x40, 0x60, 0x00, 
    /* U+002D */
    0x16, 0x66, 0x63, 0x16, 0x66, 0x63, 
    /* U+002E */
    0x06, 0x06, 0xf4, 0x06, 0x00, 
    /* U+002F */
    0x00, 0x00, 0x00, 0x62, 0x00, 0x00, 0x05, 0xf1, 0x00, 0x00, 0x0d, 0x90, 0x00, 0x00, 0x4f, 0x40, 
    0x00, 0x00, 0x9d, 0x00, 0x00, 0x01, 0xf5, 0x00, 0x00, 0x06, 0xf0, 0x00, 0x00, 0x0d, 0x80, 0x00, 
    0x00, 0x4f, 0x30, 0x00, 0x00, 0x9d, 0x00, 0x00, 0x01, 0xf5, 0x00, 0x00, 0x07, 0xf0, 0x00, 0x00, 
    0x0f, 0x80, 0x00, 0x00, 0x4f, 0x20, 0x00, 0x00, 0x45, 0x00, 0x00, 0x00, 
    /* U+0030 */
    0x00, 0x05, 0x64, 0x00, 0x00, 0x2f, 0x96, 0xdc, 0x00, 0x0f, 0x80, 0x01, 0xf6, 0x04, 0xf2, 0x00, 
    0x09, 0xd0, 0x7f, 0x00, 0x00, 0x6f, 0x0a, 0xc0, 0x00, 0x06, 0xf3, 0xaa, 0x00, 0x00, 0x6f, 0x3a, 
    0xa0, 0x00, 0x06, 0xf2, 0x8f, 0x00, 0x00, 0x6f, 0x05, 0xf1, 0x00, 0x09, 0xc0, 0x0f, 0x60, 0x01, 
    0xf4, 0x00, 0x4f, 0x86, 0xf8, 0x00, 0x00, 0x16, 0x62, 0x00, 0x00, 
    /* U+0031 */
    0x00, 0x02, 0x30, 0x06, 0xf6, 0x6d, 0x4f, 0x63, 0x00, 0xf6, 0x00, 0x0f, 0x60, 0x00, 0xf6, 0x00, 
    0x0f, 0x60, 0x00, 0xf6, 0x00, 0x0f, 0x60, 0x00, 0xf6, 0x00, 0x0f, 0x60, 0x00, 0xf6, 0x00, 0x06, 
    0x30, 
    /* U+0032 */
    0x00, 0x46, 0x64, 0x00, 0x00, 0xdd, 0x67, 0xfc, 0x00, 0x05, 0x00, 0x02, 0xf7, 0x00, 0x00, 0x00, 
    0x0c, 0xa0, 0x00, 0x00, 0x00, 0xd9, 0x00, 0x00, 0x00, 0x5f, 0x40, 0x00, 0x00, 0x4f, 0xc0, 0x00, 
    0x00, 0x9f, 0x90, 0x00, 0x02, 0xdf, 0x50, 0x00, 0x00, 0xcf, 0x20, 0x00, 0x00, 0x4f, 0x30, 0x00, 
    0x00, 0x06, 0xf6, 0x66, 0x66, 0x61, 0x36, 0x66, 0x66, 0x66, 0x10, 
    /* U+0033 */
    0x00, 0x26, 0x62, 0x00, 0x08, 0xa6, 0x8f, 0x80, 0x04, 0x00, 0x06, 0xf2, 0x00, 0x00, 0x03, 0xf3, 
    0x00, 0x00, 0x09, 0xd0, 0x01, 0x66, 0xc9, 0x10, 0x01, 0x66, 0x9f, 0x60, 0x00, 0x00, 0x04, 0xf4, 
    0x00, 0x00, 0x00, 0xf9, 0x00, 0x00, 0x00, 0xf8, 0x41, 0x00, 0x04, 0xf3, 0x2d, 0x86, 0x8f, 0x60, 
    0x00, 0x56, 0x51, 0x00, 
    /* U+0034 */
    0x00, 0x00, 0x00, 0x56, 0x00, 0x00, 0x00, 0x04, 0xff, 0x00, 0x00, 0x00, 0x0d, 0xff, 0x00, 0x00, 
    0x00, 0x7d, 0xaf, 0x00, 0x00, 0x03, 0xf3, 0xaf, 0x00, 0x00, 0x0d, 0x70, 0xaf, 0x00, 0x00, 0x9c, 
    0x00, 0xaf, 0x00, 0x05, 0xf2, 0x00, 0xaf, 0x00, 0x4f, 0xc6, 0x66, 0xdf, 0x64, 0x36, 0x66, 0x66, 
    0xdf, 0x64, 0x00, 0x00, 0x00, 0xaf, 0x00, 0x00, 0x00, 0x00, 0xaf, 0x00, 0x00, 0x00, 0x00, 0x46, 
    0x00, 
    /* U+0035 */
    0x03, 0x66, 0x66, 0x61, 0x06, 0xd6, 0x66, 0x61, 0x08, 0xa0, 0x00, 0x00, 0x0a, 0xa0, 0x00, 0x00, 
    0x0a, 0xa0, 0x00, 0x00, 0x0c, 0xd6, 0x62, 0x00, 0x06, 0x66, 0x9f, 0xa0, 0x00, 0x00, 0x04, 0xf6, 
    0x00, 0x00, 0x00, 0xca, 0x00, 0x00, 0x00, 0xd9, 0x11, 0x00, 0x04, 0xf4, 0x04, 0x86, 0x9f, 0x70, 
    0x00, 0x36, 0x51, 0x00, 
    /* U+0036 */
    0x00, 0x01, 0x56, 0x61, 0x00, 0x04, 0xf8, 0x66, 0x40, 0x04, 0xf4, 0x00, 0x00, 0x00, 0xd8, 0x00, 
    0x00, 0x00, 0x2f, 0x20, 0x00, 0x00, 0x06, 0xf0, 0x46, 0x51, 0x00, 0x6f, 0x98, 0x6a, 0xf4, 0x06, 
    0xf5, 0x00, 0x09, 0xf0, 0x6f, 0x00, 0x00, 0x4f, 0x34, 0xf0, 0x00, 0x04, 0xf3, 0x0d, 0x60, 0x00, 
    0xad, 0x00, 0x2f, 0x86, 0xaf, 0x20, 0x00, 0x05, 0x64, 0x00, 0x00, 
    /* U+0037 */
    0x66, 0x66, 0x66, 0x66, 0x66, 0x66, 0x66, 0xdc, 0x00, 0x00, 0x03, 0xf3, 0x00, 0x00, 0x0a, 0xa0, 
    0x00, 0x00, 0x3f, 0x30, 0x00, 0x00, 0xaa, 0x00, 0x00, 0x03, 0xf3, 0x00, 0x00, 0x08, 0xd0, 0x00, 
    0x00, 0x0f, 0x60, 0x00, 0x00, 0x4f, 0x20, 0x00, 0x00, 0x9d, 0x00, 0x00, 0x00, 0xf9, 0x00, 0x00, 
    0x00, 0x63, 0x00, 0x00, 
    /* U+0038 */
    0x00, 0x15, 0x64, 0x00, 0x00, 0x4f, 0x86, 0xda, 0x00, 0x0f, 0x70, 0x01, 0xf4, 0x03, 0xf3, 0x00, 
    0x0a, 0x60, 0x0f, 0x80, 0x01, 0xf4, 0x00, 0x4f, 0x86, 0xf7, 0x00, 0x04, 0xf8, 0x6d, 0x90, 0x04, 
    0xf3, 0x00, 0x0c, 0xa0, 0x9c, 0x00, 0x00, 0x6f, 0x1a, 0xc0, 0x00, 0x06, 0xf2, 0x4f, 0x30, 0x00, 
    0xcd, 0x00, 0x8f, 0x76, 0xdd, 0x20, 0x00, 0x26, 0x64, 0x00, 0x00, 
    /* U+0039 */
    0x00, 0x26, 0x63, 0x00, 0x07, 0xf7, 0x7f, 0x80, 0x4f, 0x30, 0x01, 0xf4, 0x8f, 0x00, 0x00, 0x9a, 
    0x9f, 0x00, 0x00, 0x6f, 0x5f, 0x30, 0x00, 0xdf, 0x0a, 0xf7, 0x6d, 0xcf, 0x00, 0x46, 0x61, 0x6f, 
    0x00, 0x00, 0x00, 0xa9, 0x00, 0x00, 0x00, 0xf4, 0x02, 0x00, 0x08, 0xc0, 0x0c, 0x86, 0xcc, 0x20, 
    0x00, 0x56, 0x40, 0x00, 
    /* U+003A */
    0x06, 0x06, 0xf4, 0x06, 0x00, 0x00, 0x00, 0x00, 0x00, 0x00, 0x00, 0x60, 0x6f, 0x40, 0x60, 
    /* U+003B */
    0x00, 0x60, 0x06, 0xf4, 0x00, 0x60, 0x00, 0x00, 0x00, 0x00, 0x00, 0x00, 0x00, 0x00, 0x01, 0x61, 
    0x06, 0xf0, 0x0a, 0x80, 0x0f, 0x40, 0x06, 0x00, 
    /* U+003C */
    0x00, 0x00, 0x00, 0x03, 0x10, 0x00, 0x00, 0x4d, 0xf2, 0x00, 0x28, 0xfd, 0x51, 0x01, 0xcf, 0x82, 
    0x00, 0x00, 0x1c, 0xfa, 0x40, 0x00, 0x00, 0x02, 0x8f, 0xd6, 0x10, 0x00, 0x00, 0x04, 0xdf, 0x20, 
    0x00, 0x00, 0x00, 0x31, 
    /* U+003D */
    0x36, 0x66, 0x66, 0x66, 0x33, 0x66, 0x66, 0x66, 0x63, 0x00, 0x00, 0x00, 0x00, 0x03, 0x66, 0x66, 
    0x66, 0x63, 0x36, 0x66, 0x66, 0x66, 0x30, 
    /* U+003E */
    0x12, 0x00, 0x00, 0x00, 0x03, 0xfc, 0x40, 0x00, 0x00, 0x01, 0x6d, 0xf8, 0x10, 0x00, 0x00, 0x03, 
    0x8f, 0xa1, 0x00, 0x00, 0x4a, 0xfa, 0x10, 0x16, 0xdf, 0x81, 0x00, 0x2f, 0xc4, 0x00, 0x00, 0x01, 
    0x20, 0x00, 0x00, 0x00, 
    /* U+003F */
    0x00, 0x46, 0x40, 0x02, 0xc7, 0x7f, 0xc0, 0x40, 0x00, 0x3f, 0x50, 0x00, 0x01, 0xf6, 0x00, 0x00, 
    0x8f, 0x10, 0x00, 0x8f, 0x40, 0x00, 0x7f, 0x20, 0x00, 0x0f, 0xa0, 0x00, 0x00, 0x44, 0x00, 0x00, 
    0x00, 0x00, 0x00, 0x00, 0x44, 0x00, 0x00, 0x0d, 0xf0, 0x00, 0x00, 0x44, 0x00, 0x00, 
    /* U+0040 */
    0x00, 0x00, 0x14, 0x66, 0x41, 0x00, 0x00, 0x00, 0x08, 0xf9, 0x66, 0x9f, 0x80, 0x00, 0x01, 0xf8, 
    0x00, 0x00, 0x00, 0x8d, 0x10, 0x0c, 0x80, 0x02, 0x64, 0x34, 0x09, 0xa0, 0x4f, 0x00, 0x4f, 0x79, 
    0xfa, 0x01, 0xf2, 0xa7, 0x01, 0xf3, 0x00, 0xca, 0x00, 0xa6, 0xf3, 0x06, 0xc0, 0x00, 0xa7, 0x00, 
    0xa6, 0xf3, 0x09, 0x70, 0x00, 0xa6, 0x00, 0xa6, 0xf3, 0x0a, 0x60, 0x00, 0xf6, 0x00, 0xc5, 0xd4, 
    0x06, 0xc0, 0x04, 0xf6, 0x03, 0xf0, 0x8a, 0x01, 0xf9, 0x7a, 0x6f, 0x6f, 0x40, 0x1f, 0x40, 0x16, 
    0x50, 0x05, 0x61, 0x00, 0x04, 0xf5, 0x00, 0x00, 0x01, 0x40, 0x00, 0x00, 0x2a, 0xd8, 0x66, 0x9d, 
    0x20, 0x00, 0x00, 0x00, 0x25, 0x66, 0x30, 0x00, 0x00, 
    /* U+0041 */
    0x00, 0x00, 0x04, 0x60, 0x00, 0x00, 0x00, 0x00, 0x0f, 0xf3, 0x00, 0x00, 0x00, 0x00, 0x5f, 0xf8, 
    0x00, 0x00, 0x00, 0x00, 0xda, 0x8f, 0x00, 0x00, 0x00, 0x02, 0xf4, 0x2f, 0x50, 0x00, 0x00, 0x08, 
    0xd0, 0x0a, 0xd0, 0x00, 0x00, 0x0f, 0x50, 0x04, 0xf2, 0x00, 0x00, 0x4f, 0x76, 0x66, 0xf8, 0x00, 
    0x00, 0xca, 0x66, 0x66, 0x8f, 0x00, 0x01, 0xf4, 0x00, 0x00, 0x1f, 0x40, 0x07, 0xf0, 0x00, 0x00, 
    0x0c, 0xc0, 0x0f, 0x90, 0x00, 0x00, 0x06, 0xf1, 0x16, 0x30, 0x00, 0x00, 0x01, 0x63, 
    /* U+0042 */
    0x66, 0x66, 0x51, 0x00, 0xfd, 0x66, 0xaf, 0x40, 0xfa, 0x00, 0x09, 0xf0, 0xfa, 0x00, 0x06, 0xf0, 
    0xfa, 0x00, 0x0c, 0xa0, 0xfd, 0x66, 0xd8, 0x00, 0xfd, 0x66, 0x9f, 0x70, 0xfa, 0x00, 0x04, 0xf4, 
    0xfa, 0x00, 0x00, 0xf6, 0xfa, 0x00, 0x00, 0xf6, 0xfa, 0x00, 0x05, 0xf3, 0xfd, 0x66, 0x8f, 0x70, 
    0x66, 0x66, 0x51, 0x00, 
    /* U+0043 */
    0x00, 0x00, 0x26, 0x64, 0x00, 0x00, 0x2d, 0xd7, 0x68, 0xd1, 0x02, 0xf8, 0x00, 0x00, 0x11, 0x0d, 
    0x90, 0x00, 0x00, 0x00, 0x4f, 0x20, 0x00, 0x00, 0x00, 0x7f, 0x00, 0x00, 0x00, 0x00, 0xaf, 0x00, 
    0x00, 0x00, 0x00, 0x9f, 0x00, 0x00, 0x00, 0x00, 0x5f, 0x10, 0x00, 0x00, 0x00, 0x1f, 0x70, 0x00, 
    0x00, 0x00, 0x06, 0xf4, 0x00, 0x00, 0x21, 0x00, 0x6f, 0xc6, 0x69, 0xc1, 0x00, 0x00, 0x46, 0x64, 
    0x00, 
    /* U+0044 */
    0x66, 0x66, 0x63, 0x00, 0x00, 0xfd, 0x66, 0x7d, 0xd4, 0x00, 0xfa, 0x00, 0x00, 0x4f, 0x40, 0xfa, 
    0x00, 0x00, 0x05, 0xf3, 0xfa, 0x00, 0x00, 0x00, 0xf8, 0xfa, 0x00, 0x00, 0x00, 0xaa, 0xfa, 0x00, 
    0x00, 0x00, 0xaa, 0xfa, 0x00, 0x00, 0x00, 0xaa, 0xfa, 0x00, 0x00, 0x00, 0xf7, 0xfa, 0x00, 0x00, 
    0x06, 0xf1, 0xfa, 0x00, 0x00, 0x5f, 0x40, 0xfd, 0x66, 0x7d, 0xd3, 0x00, 0x66, 0x66, 0x52, 0x00, 
    0x00, 
    /* U+0045 */
    0x66, 0x66, 0x66, 0x1f, 0xd6, 0x66, 0x61, 0xfa, 0x00, 0x00, 0x0f, 0xa0, 0x00, 0x00, 0xfa, 0x00, 
    0x00, 0x0f, 0xd6, 0x66, 0x60, 0xfd, 0x66, 0x66, 0x0f, 0xa0, 0x00, 0x00, 0xfa, 0x00, 0x00, 0x0f, 
    0xa0, 0x00, 0x00, 0xfa, 0x00, 0x00, 0x0f, 0xd6, 0x66, 0x63, 0x66, 0x66, 0x66, 0x30, 
    /* U+0046 */
    0x66, 0x66, 0x66, 0x1f, 0xd6, 0x66, 0x61, 0xfa, 0x00, 0x00, 0x0f, 0xa0, 0x00, 0x00, 0xfa, 0x00, 
    0x00, 0x0f, 0xd6, 0x66, 0x60, 0xfd, 0x66, 0x66, 0x0f, 0xa0, 0x00, 0x00, 0xfa, 0x00, 0x00, 0x0f, 
    0xa0, 0x00, 0x00, 0xfa, 0x00, 0x00, 0x0f, 0xa0, 0x00, 0x00, 0x64, 0x00, 0x00, 0x00, 
    /* U+0047 */
    0x00, 0x00, 0x25, 0x65, 0x10, 0x00, 0x02, 0xad, 0x76, 0x7d, 0x70, 0x02, 0xf8, 0x00, 0x00, 0x05, 
    0x00, 0xd9, 0x00, 0x00, 0x00, 0x00, 0x4f, 0x20, 0x00, 0x00, 0x00, 0x07, 0xf0, 0x00, 0x00, 0x00, 
    0x00, 0xaf, 0x00, 0x00, 0x66, 0x66, 0x19, 0xf0, 0x00, 0x06, 0x68, 0xf3, 0x5f, 0x10, 0x00, 0x00, 
    0x3f, 0x31, 0xf7, 0x00, 0x00, 0x03, 0xf3, 0x04, 0xf5, 0x00, 0x00, 0x3f, 0x30, 0x04, 0xfc, 0x66, 
    0x8f, 0xd2, 0x00, 0x00, 0x46, 0x65, 0x20, 0x00, 
    /* U+0048 */
    0x64, 0x00, 0x00, 0x01, 0x61, 0xfa, 0x00, 0x00, 0x03, 0xf3, 0xfa, 0x00, 0x00, 0x03, 0xf3, 0xfa, 
    0x00, 0x00, 0x03, 0xf3, 0xfa, 0x00, 0x00, 0x03, 0xf3, 0xfd, 0x66, 0x66, 0x68, 0xf3, 0xfd, 0x66, 
    0x66, 0x68, 0xf3, 0xfa, 0x00, 0x00, 0x03, 0xf3, 0xfa, 0x00, 0x00, 0x03, 0xf3, 0xfa, 0x00, 0x00, 
    0x03, 0xf3, 0xfa, 0x00, 0x00, 0x03, 0xf3, 0xfa, 0x00, 0x00, 0x03, 0xf3, 0x64, 0x00, 0x00, 0x01, 
    0x61, 
    /* U+0049 */
    0x64, 0xfa, 0xfa, 0xfa, 0xfa, 0xfa, 0xfa, 0xfa, 0xfa, 0xfa, 0xfa, 0xfa, 0x64, 
    /* U+004A */
    0x00, 0x01, 0x63, 0x00, 0x03, 0xf6, 0x00, 0x03, 0xf6, 0x00, 0x03, 0xf6, 0x00, 0x03, 0xf6, 0x00, 
    0x03, 0xf6, 0x00, 0x03, 0xf6, 0x00, 0x03, 0xf6, 0x00, 0x03, 0xf3, 0x00, 0x03, 0xf3, 0x00, 0x08, 
    0xf0, 0x16, 0x8f, 0x40, 0x06, 0x61, 0x00, 
    /* U+004B */
    0x64, 0x00, 0x00, 0x56, 0x0f, 0xa0, 0x00, 0x4f, 0x50, 0xfa, 0x00, 0x3f, 0x80, 0x0f, 0xa0, 0x2f, 
    0x80, 0x00, 0xfa, 0x0d, 0xc0, 0x00, 0x0f, 0xac, 0xc0, 0x00, 0x00, 0xff, 0xf5, 0x00, 0x00, 0x0f, 
    0xa8, 0xf4, 0x00, 0x00, 0xfa, 0x0a, 0xf2, 0x00, 0x0f, 0xa0, 0x0c, 0xf2, 0x00, 0xfa, 0x00, 0x1f, 
    0xf0, 0x0f, 0xa0, 0x00, 0x2f, 0xc0, 0x64, 0x00, 0x00, 0x46, 0x40, 
    /* U+004C */
    0x64, 0x00, 0x00, 0x0f, 0xa0, 0x00, 0x00, 0xfa, 0x00, 0x00, 0x0f, 0xa0, 0x00, 0x00, 0xfa, 0x00, 
    0x00, 0x0f, 0xa0, 0x00, 0x00, 0xfa, 0x00, 0x00, 0x0f, 0xa0, 0x00, 0x00, 0xfa, 0x00, 0x00, 0x0f, 
    0xa0, 0x00, 0x00, 0xfa, 0x00, 0x00, 0x0f, 0xd6, 0x66, 0x63, 0x66, 0x66, 0x66, 0x30, 
    /* U+004D */
    0x66, 0x20, 0x00, 0x00, 0x00, 0x36, 0x3f, 0xf8, 0x00, 0x00, 0x00, 0x0d, 0xf6, 0xf9, 0xf1, 0x00, 
    0x00, 0x04, 0xcf, 0x6f, 0x6c, 0x60, 0x00, 0x00, 0xa5, 0xf6, 0xf6, 0x4d, 0x00, 0x00, 0x1f, 0x0f, 
    0x6f, 0x60, 0xf4, 0x00, 0x08, 0x80, 0xf6, 0xf6, 0x08, 0xa0, 0x00, 0xf2, 0x0f, 0x6f, 0x60, 0x1f, 
    0x10, 0x5c, 0x00, 0xf6, 0xf6, 0x00, 0xa7, 0x0d, 0x40, 0x0f, 0x6f, 0x60, 0x04, 0xf4, 0xf0, 0x00, 
    0xf6, 0xf6, 0x00, 0x0f, 0xd7, 0x00, 0x0f, 0x6f, 0x60, 0x00, 0x7f, 0x10, 0x00, 0xf6, 0x63, 0x00, 
    0x01, 0x50, 0x00, 0x06, 0x30, 
    /* U+004E */
    0x66, 0x10, 0x00, 0x00, 0x46, 0xff, 0xa0, 0x00, 0x00, 0xaf, 0xfd, 0xf5, 0x00, 0x00, 0xaf, 0xf6, 
    0xcf, 0x00, 0x00, 0xaf, 0xf9, 0x2f, 0x90, 0x00, 0xaf, 0xfa, 0x06, 0xf3, 0x00, 0xaf, 0xfa, 0x00, 
    0xcd, 0x00, 0xaf, 0xfa, 0x00, 0x2f, 0x70, 0xaf, 0xfa, 0x00, 0x07, 0xf2, 0x9f, 0xfa, 0x00, 0x00, 
    0xdc, 0x6f, 0xfa, 0x00, 0x00, 0x3f, 0xdf, 0xfa, 0x00, 0x00, 0x07, 0xff, 0x64, 0x00, 0x00, 0x00, 
    0x66, 
    /* U+004F */
    0x00, 0x00, 0x46, 0x64, 0x00, 0x00, 0x00, 0x4f, 0xc6, 0x6a, 0xf5, 0x00, 0x04, 0xf4, 0x00, 0x00, 
    0x4f, 0x60, 0x0f, 0x80, 0x00, 0x00, 0x06, 0xf1, 0x5f, 0x10, 0x00, 0x00, 0x01, 0xf5, 0x8f, 0x00, 
    0x00, 0x00, 0x00, 0xf9, 0xaf, 0x00, 0x00, 0x00, 0x00, 0xfa, 0x9f, 0x00, 0x00, 0x00, 0x00, 0xf8, 
    0x5f, 0x10, 0x00, 0x00, 0x01, 0xf5, 0x1f, 0x80, 0x00, 0x00, 0x06, 0xf0, 0x05, 0xf4, 0x00, 0x00, 
    0x4f, 0x40, 0x00, 0x5f, 0xc6, 0x6c, 0xf4, 0x00, 0x00, 0x00, 0x46, 0x64, 0x00, 0x00, 
    /* U+0050 */
    0x66, 0x66, 0x52, 0x00, 0xfd, 0x66, 0x9f, 0x80, 0xfa, 0x00, 0x05, 0xf4, 0xfa, 0x00, 0x00, 0xf6, 
    0xfa, 0x00, 0x00, 0xf6, 0xfa, 0x00, 0x05, 0xf1, 0xfd, 0x66, 0xaf, 0x40, 0xfd, 0x66, 0x40, 0x00, 
    0xfa, 0x00, 0x00, 0x00, 0xfa, 0x00, 0x00, 0x00, 0xfa, 0x00, 0x00, 0x00, 0xfa, 0x00, 0x00, 0x00, 
    0x64, 0x00, 0x00, 0x00, 
    /* U+0051 */
    0x00, 0x00, 0x46, 0x64, 0x00, 0x00, 0x00, 0x04, 0xfc, 0x66, 0xaf, 0x50, 0x00, 0x04, 0xf4, 0x00, 
    0x00, 0x4f, 0x60, 0x00, 0xf8, 0x00, 0x00, 0x00, 0x6f, 0x10, 0x5f, 0x10, 0x00, 0x00, 0x01, 0xf5, 
    0x08, 0xf0, 0x00, 0x00, 0x00, 0x0f, 0x90, 0xaf, 0x00, 0x00, 0x00, 0x00, 0xfa, 0x09, 0xf0, 0x00, 
    0x00, 0x00, 0x0f, 0x80, 0x5f, 0x10, 0x00, 0x00, 0x01, 0xf5, 0x01, 0xf8, 0x00, 0x00, 0x00, 0x6f, 
    0x00, 0x05, 0xf4, 0x00, 0x00, 0x4f, 0x40, 0x00, 0x05, 0xfc, 0x66, 0xcf, 0x80, 0x00, 0x00, 0x00, 
    0x46, 0x64, 0xcf, 0x40, 0x00, 0x00, 0x00, 0x00, 0x00, 0xcf, 0x80, 0x00, 0x00, 0x00, 0x00, 0x00, 
    0x66, 0x20, 
    /* U+0052 */
    0x66, 0x66, 0x62, 0x00, 0x0f, 0xd6, 0x68, 0xf8, 0x00, 0xfa, 0x00, 0x06, 0xf2, 0x0f, 0xa0, 0x00, 
    0x3f, 0x60, 0xfa, 0x00, 0x03, 0xf4, 0x0f, 0xa0, 0x00, 0x8f, 0x00, 0xfd, 0x66, 0xad, 0x20, 0x0f, 
    0xd6, 0x8f, 0x40, 0x00, 0xfa, 0x00, 0x6f, 0x30, 0x0f, 0xa0, 0x00, 0xdd, 0x00, 0xfa, 0x00, 0x03, 
    0xf6, 0x0f, 0xa0, 0x00, 0x09, 0xf2, 0x64, 0x00, 0x00, 0x16, 0x40, 
    /* U+0053 */
    0x00, 0x14, 0x65, 0x10, 0x04, 0xf8, 0x68, 0xd2, 0x3f, 0x40, 0x00, 0x04, 0x6f, 0x00, 0x00, 0x00, 
    0x5f, 0x50, 0x00, 0x00, 0x0d, 0xf7, 0x00, 0x00, 0x00, 0xaf, 0xf6, 0x00, 0x00, 0x03, 0xaf, 0xc0, 
    0x00, 0x00, 0x04, 0xf9, 0x00, 0x00, 0x00, 0xaa, 0x41, 0x00, 0x00, 0xd9, 0x3f, 0x96, 0x6d, 0xc1, 
    0x00, 0x46, 0x63, 0x00, 
    /* U+0054 */
    0x16, 0x66, 0x66, 0x66, 0x63, 0x16, 0x66, 0xdf, 0x66, 0x63, 0x00, 0x00, 0xaf, 0x00, 0x00, 0x00, 
    0x00, 0xaf, 0x00, 0x00, 0x00, 0x00, 0xaf, 0x00, 0x00, 0x00, 0x00, 0xaf, 0x00, 0x00, 0x00, 0x00, 
    0xaf, 0x00, 0x00, 0x00, 0x00, 0xaf, 0x00, 0x00, 0x00, 0x00, 0xaf, 0x00, 0x00, 0x00, 0x00, 0xaf, 
    0x00, 0x00, 0x00, 0x00, 0xaf, 0x00, 0x00, 0x00, 0x00, 0xaf, 0x00, 0x00, 0x00, 0x00, 0x46, 0x00, 
    0x00, 
    /* U+0055 */
    0x63, 0x00, 0x00, 0x03, 0x6f, 0x60, 0x00, 0x00, 0x6f, 0xf6, 0x00, 0x00, 0x06, 0xff, 0x60, 0x00, 
    0x00, 0x6f, 0xf6, 0x00, 0x00, 0x06, 0xff, 0x60, 0x00, 0x00, 0x6f, 0xf6, 0x00, 0x00, 0x06, 0xff, 
    0x60, 0x00, 0x00, 0x6f, 0xf6, 0x00, 0x00, 0x06, 0xfd, 0x90, 0x00, 0x00, 0x9c, 0x6f, 0x20, 0x00, 
    0x2f, 0x40, 0x8f, 0x86, 0x8f, 0x70, 0x00, 0x26, 0x65, 0x10, 0x00, 
    /* U+0056 */
    0x16, 0x30, 0x00, 0x00, 0x04, 0x60, 0x0f, 0x90, 0x00, 0x00, 0x0d, 0xc0, 0x08, 0xf0, 0x00, 0x00, 
    0x2f, 0x50, 0x04, 0xf4, 0x00, 0x00, 0x7f, 0x00, 0x00, 0xdc, 0x00, 0x00, 0xd9, 0x00, 0x00, 0x7f, 
    0x10, 0x03, 0xf4, 0x00, 0x00, 0x2f, 0x50, 0x08, 0xf0, 0x00, 0x00, 0x0c, 0xc0, 0x0f, 0x80, 0x00, 
    0x00, 0x05, 0xf1, 0x4f, 0x20, 0x00, 0x00, 0x01, 0xf5, 0x8d, 0x00, 0x00, 0x00, 0x00, 0x9a, 0xf6, 
    0x00, 0x00, 0x00, 0x00, 0x4f, 0xf1, 0x00, 0x00, 0x00, 0x00, 0x06, 0x50, 0x00, 0x00, 
    /* U+0057 */
    0x16, 0x30, 0x00, 0x00, 0x64, 0x00, 0x00, 0x06, 0x30, 0xfa, 0x00, 0x00, 0x2f, 0xd0, 0x00, 0x04, 
    0xf4, 0x09, 0xf0, 0x00, 0x06, 0xff, 0x10, 0x00, 0x7f, 0x00, 0x4f, 0x40, 0x00, 0xc6, 0xf5, 0x00, 
    0x0c, 0xc0, 0x00, 0xf7, 0x00, 0x0f, 0x29, 0x90, 0x00, 0xf6, 0x00, 0x0c, 0xc0, 0x04, 0xf0, 0x5f, 
    0x00, 0x4f, 0x20, 0x00, 0x6f, 0x00, 0x89, 0x01, 0xf2, 0x07, 0xf0, 0x00, 0x02, 0xf4, 0x0f, 0x40, 
    0x0d, 0x60, 0xc8, 0x00, 0x00, 0x0f, 0x82, 0xf1, 0x00, 0x8a, 0x0f, 0x40, 0x00, 0x00, 0x8d, 0x5d, 
    0x00, 0x04, 0xf4, 0xf1, 0x00, 0x00, 0x04, 0xfa, 0x80, 0x00, 0x1f, 0xac, 0x00, 0x00, 0x00, 0x0f, 
    0xf4, 0x00, 0x00, 0xcf, 0x70, 0x00, 0x00, 0x00, 0x46, 0x00, 0x00, 0x04, 0x61, 0x00, 0x00, 
    /* U+0058 */
    0x05, 0x60, 0x00, 0x00, 0x36, 0x20, 0x4f, 0x60, 0x00, 0x0d, 0xd0, 0x00, 0xaf, 0x10, 0x06, 0xf3, 
    0x00, 0x01, 0xf8, 0x01, 0xf7, 0x00, 0x00, 0x06, 0xf3, 0x9f, 0x00, 0x00, 0x00, 0x0d, 0xdf, 0x40, 
    0x00, 0x00, 0x00, 0x5f, 0xd0, 0x00, 0x00, 0x00, 0x0f, 0xcf, 0x50, 0x00, 0x00, 0x09, 0xf1, 0x9f, 
    0x00, 0x00, 0x04, 0xf5, 0x01, 0xf9, 0x00, 0x00, 0xfc, 0x00, 0x06, 0xf4, 0x00, 0x9f, 0x30, 0x00, 
    0x0d, 0xd0, 0x06, 0x40, 0x00, 0x00, 0x36, 0x20, 
    /* U+0059 */
    0x16, 0x30, 0x00, 0x00, 0x46, 0x0d, 0xd0, 0x00, 0x00, 0xf8, 0x04, 0xf4, 0x00, 0x06, 0xf1, 0x00, 
    0xfd, 0x00, 0x0f, 0x80, 0x00, 0x6f, 0x40, 0x6f, 0x20, 0x00, 0x0f, 0xd0, 0xfa, 0x00, 0x00, 0x06, 
    0xfa, 0xf3, 0x00, 0x00, 0x00, 0xff, 0xa0, 0x00, 0x00, 0x00, 0x8f, 0x40, 0x00, 0x00, 0x00, 0x6f, 
    0x30, 0x00, 0x00, 0x00, 0x6f, 0x30, 0x00, 0x00, 0x00, 0x6f, 0x30, 0x00, 0x00, 0x00, 0x36, 0x10, 
    0x00, 
    /* U+005A */
    0x04, 0x66, 0x66, 0x66, 0x65, 0x04, 0x66, 0x66, 0x69, 0xf6, 0x00, 0x00, 0x00, 0x0d, 0xc0, 0x00, 
    0x00, 0x00, 0x6f, 0x30, 0x00, 0x00, 0x02, 0xf7, 0x00, 0x00, 0x00, 0x0c, 0xd0, 0x00, 0x00, 0x00, 
    0x5f, 0x40, 0x00, 0x00, 0x01, 0xf9, 0x00, 0x00, 0x00, 0x0a, 0xf0, 0x00, 0x00, 0x00, 0x4f, 0x50, 
    0x00, 0x00, 0x00, 0xfa, 0x00, 0x00, 0x00, 0x09, 0xf8, 0x66, 0x66, 0x66, 0x06, 0x66, 0x66, 0x66, 
    0x66, 
    /* U+005B */
    0x46, 0x63, 0xaa, 0x63, 0xa6, 0x00, 0xa6, 0x00, 0xa6, 0x00, 0xa6, 0x00, 0xa6, 0x00, 0xa6, 0x00, 
    0xa6, 0x00, 0xa6, 0x00, 0xa6, 0x00, 0xa6, 0x00, 0xa6, 0x00, 0xa6, 0x00, 0xaa, 0x63, 0x46, 0x63, 
    /* U+005C */
    0x45, 0x00, 0x00, 0x00, 0x3f, 0x10, 0x00, 0x00, 0x0d, 0x70, 0x00, 0x00, 0x05, 0xf0, 0x00, 0x00, 
    0x00, 0xf4, 0x00, 0x00, 0x00, 0x8c, 0x00, 0x00, 0x00, 0x3f, 0x20, 0x00, 0x00, 0x0c, 0x80, 0x00, 
    0x00, 0x04, 0xf0, 0x00, 0x00, 0x00, 0xf4, 0x00, 0x00, 0x00, 0x8c, 0x00, 0x00, 0x00, 0x1f, 0x20, 
    0x00, 0x00, 0x0a, 0x80, 0x00, 0x00, 0x04, 0xf0, 0x00, 0x00, 0x00, 0x62, 
    /* U+005D */
    0x66, 0x61, 0x68, 0xf3, 0x03, 0xf3, 0x03, 0xf3, 0x03, 0xf3, 0x03, 0xf3, 0x03, 0xf3, 0x03, 0xf3, 
    0x03, 0xf3, 0x03, 0xf3, 0x03, 0xf3, 0x03, 0xf3, 0x03, 0xf3, 0x03, 0xf3, 0x68, 0xf3, 0x66, 0x61, 
    /* U+005E */
    0x00, 0x00, 0x50, 0x00, 0x00, 0x00, 0x6f, 0x30, 0x00, 0x00, 0x0f, 0xca, 0x00, 0x00, 0x06, 0xd0, 
    0xf4, 0x00, 0x00, 0xf4, 0x06, 0xd0, 0x00, 0x6a, 0x00, 0x0d, 0x40, 0x0f, 0x30, 0x00, 0x4f, 0x02, 
    0x50, 0x00, 0x00, 0x62, 
    /* U+005F */
    0x36, 0x66, 0x66, 0x64, 0x36, 0x66, 0x66, 0x64, 
    /* U+0060 */
    0x45, 0x00, 0x1f, 0x40, 0x04, 0xf0, 0x00, 0x43, 
    /* U+0061 */
    0x00, 0x26, 0x63, 0x00, 0x0a, 0xc6, 0x7f, 0x70, 0x03, 0x00, 0x07, 0xf0, 0x00, 0x00, 0x04, 0xf3, 
    0x04, 0x9d, 0xfc, 0xf3, 0x4f, 0x50, 0x03, 0xf3, 0xac, 0x00, 0x04, 0xf3, 0x9d, 0x00, 0x0c, 0xf3, 
    0x4f, 0xa6, 0xc8, 0xf3, 0x01, 0x66, 0x21, 0x61, 
    /* U+0062 */
    0x16, 0x30, 0x00, 0x00, 0x03, 0xf6, 0x00, 0x00, 0x00, 0x3f, 0x60, 0x00, 0x00, 0x03, 0xf6, 0x00, 
    0x00, 0x00, 0x3f, 0x60, 0x56, 0x40, 0x03, 0xf9, 0xd7, 0x7f, 0xc0, 0x3f, 0xf2, 0x00, 0x2f, 0x63, 
    0xf7, 0x00, 0x00, 0xac, 0x3f, 0x60, 0x00, 0x0a, 0xf3, 0xf6, 0x00, 0x00, 0xaf, 0x3f, 0x60, 0x00, 
    0x0d, 0x93, 0xfd, 0x00, 0x04, 0xf4, 0x3f, 0xcd, 0x68, 0xf8, 0x01, 0x63, 0x26, 0x62, 0x00, 
    /* U+0063 */
    0x00, 0x04, 0x65, 0x00, 0x2d, 0xd6, 0x8a, 0x0f, 0x90, 0x00, 0x25, 0xf1, 0x00, 0x00, 0x9f, 0x00, 
    0x00, 0x0a, 0xf0, 0x00, 0x00, 0x6f, 0x00, 0x00, 0x01, 0xf8, 0x00, 0x02, 0x04, 0xfa, 0x68, 0xc0, 
    0x01, 0x56, 0x40, 
    /* U+0064 */
    0x00, 0x00, 0x00, 0x16, 0x30, 0x00, 0x00, 0x03, 0xf6, 0x00, 0x00, 0x00, 0x3f, 0x60, 0x00, 0x00, 
    0x03, 0xf6, 0x00, 0x15, 0x63, 0x3f, 0x60, 0x4f, 0xa6, 0xaa, 0xf6, 0x1f, 0x80, 0x00, 0x9f, 0x65, 
    0xf1, 0x00, 0x03, 0xf6, 0x9f, 0x00, 0x00, 0x3f, 0x6a, 0xf0, 0x00, 0x03, 0xf6, 0x7f, 0x00, 0x00, 
    0x4f, 0x63, 0xf6, 0x00, 0x0a, 0xf6, 0x08, 0xf8, 0x6a, 0x8f, 0x60, 0x02, 0x66, 0x21, 0x63, 
    /* U+0065 */
    0x00, 0x05, 0x64, 0x00, 0x03, 0xf9, 0x6d, 0xc0, 0x1f, 0x80, 0x00, 0xf6, 0x5f, 0x10, 0x00, 0xac, 
    0x9f, 0x66, 0x66, 0xdf, 0xaf, 0x66, 0x66, 0x66, 0x6f, 0x00, 0x00, 0x00, 0x1f, 0x60, 0x00, 0x11, 
    0x04, 0xfa, 0x68, 0xc1, 0x00, 0x15, 0x64, 0x00, 
    /* U+0066 */
    0x00, 0x05, 0x61, 0x00, 0xdc, 0x64, 0x05, 0xf0, 0x00, 0x06, 0xf0, 0x00, 0x6a, 0xf6, 0x60, 0x6a, 
    0xf6, 0x60, 0x06, 0xf0, 0x00, 0x06, 0xf0, 0x00, 0x06, 0xf0, 0x00, 0x06, 0xf0, 0x00, 0x06, 0xf0, 
    0x00, 0x06, 0xf0, 0x00, 0x06, 0xf0, 0x00, 0x03, 0x60, 0x00, 
    /* U+0067 */
    0x00, 0x15, 0x64, 0x16, 0x30, 0x4f, 0xa6, 0xad, 0xf6, 0x1f, 0x80, 0x00, 0x9f, 0x65, 0xf1, 0x00, 
    0x03, 0xf6, 0x9f, 0x00, 0x00, 0x3f, 0x6a, 0xf0, 0x00, 0x03, 0xf6, 0x7f, 0x00, 0x00, 0x4f, 0x63, 
    0xf6, 0x00, 0x0a, 0xf6, 0x08, 0xf8, 0x6d, 0xaf, 0x60, 0x02, 0x66, 0x23, 0xf5, 0x00, 0x00, 0x00, 
    0x4f, 0x20, 0x40, 0x00, 0x0c, 0xc0, 0x0a, 0xa6, 0x7d, 0xc2, 0x00, 0x04, 0x66, 0x40, 0x00, 
    /* U+0068 */
    0x16, 0x30, 0x00, 0x00, 0x03, 0xf6, 0x00, 0x00, 0x00, 0x3f, 0x60, 0x00, 0x00, 0x03, 0xf6, 0x00, 
    0x00, 0x00, 0x3f, 0x61, 0x56, 0x40, 0x03, 0xf9, 0xc6, 0x8f, 0x70, 0x3f, 0xd0, 0x00, 0x8f, 0x03, 
    0xf7, 0x00, 0x04, 0xf3, 0x3f, 0x60, 0x00, 0x3f, 0x33, 0xf6, 0x00, 0x03, 0xf3, 0x3f, 0x60, 0x00, 
    0x3f, 0x33, 0xf6, 0x00, 0x03, 0xf3, 0x3f, 0x60, 0x00, 0x3f, 0x31, 0x63, 0x00, 0x01, 0x61, 
    /* U+0069 */
    0x05, 0x23, 0xf6, 0x05, 0x20, 0x00, 0x16, 0x33, 0xf6, 0x3f, 0x63, 0xf6, 0x3f, 0x63, 0xf6, 0x3f, 
    0x63, 0xf6, 0x3f, 0x61, 0x63, 
    /* U+006A */
    0x00, 0x00, 0x52, 0x00, 0x03, 0xf6, 0x00, 0x00, 0x52, 0x00, 0x00, 0x00, 0x00, 0x01, 0x63, 0x00, 
    0x03, 0xf6, 0x00, 0x03, 0xf6, 0x00, 0x03, 0xf6, 0x00, 0x03, 0xf6, 0x00, 0x03, 0xf6, 0x00, 0x03, 
    0xf6, 0x00, 0x03, 0xf6, 0x00, 0x03, 0xf6, 0x00, 0x03, 0xf6, 0x00, 0x03, 0xf3, 0x00, 0x06, 0xf0, 
    0x27, 0x7f, 0x40, 0x05, 0x62, 0x00, 
    /* U+006B */
    0x16, 0x30, 0x00, 0x00, 0x03, 0xf6, 0x00, 0x00, 0x00, 0x3f, 0x60, 0x00, 0x00, 0x03, 0xf6, 0x00, 
    0x00, 0x00, 0x3f, 0x60, 0x02, 0x64, 0x03, 0xf6, 0x00, 0xcf, 0x10, 0x3f, 0x60, 0xaf, 0x20, 0x03, 
    0xf6, 0x8f, 0x20, 0x00, 0x3f, 0xcf, 0x40, 0x00, 0x03, 0xfa, 0xf8, 0x00, 0x00, 0x3f, 0x64, 0xf8, 
    0x00, 0x03, 0xf6, 0x07, 0xf4, 0x00, 0x3f, 0x60, 0x08, 0xf4, 0x01, 0x63, 0x00, 0x06, 0x60, 
    /* U+006C */
    0x16, 0x33, 0xf6, 0x3f, 0x63, 0xf6, 0x3f, 0x63, 0xf6, 0x3f, 0x63, 0xf6, 0x3f, 0x63, 0xf6, 0x3f, 
    0x63, 0xf6, 0x3f, 0x61, 0x63, 
    /* U+006D */
    0x16, 0x31, 0x56, 0x20, 0x04, 0x64, 0x00, 0x3f, 0xcc, 0x6c, 0xf5, 0xd7, 0x7f, 0xa0, 0x3f, 0xd0, 
    0x00, 0xff, 0x50, 0x06, 0xf2, 0x3f, 0x60, 0x00, 0xaf, 0x00, 0x03, 0xf3, 0x3f, 0x60, 0x00, 0xaf, 
    0x00, 0x03, 0xf6, 0x3f, 0x60, 0x00, 0xaf, 0x00, 0x03, 0xf6, 0x3f, 0x60, 0x00, 0xaf, 0x00, 0x03, 
    0xf6, 0x3f, 0x60, 0x00, 0xaf, 0x00, 0x03, 0xf6, 0x3f, 0x60, 0x00, 0xaf, 0x00, 0x03, 0xf6, 0x16, 
    0x30, 0x00, 0x46, 0x00, 0x01, 0x63, 
    /* U+006E */
    0x16, 0x31, 0x56, 0x30, 0x03, 0xf9, 0xc6, 0x8f, 0x70, 0x3f, 0xd0, 0x00, 0x8f, 0x03, 0xf6, 0x00, 
    0x04, 0xf3, 0x3f, 0x60, 0x00, 0x3f, 0x33, 0xf6, 0x00, 0x03, 0xf3, 0x3f, 0x60, 0x00, 0x3f, 0x33, 
    0xf6, 0x00, 0x03, 0xf3, 0x3f, 0x60, 0x00, 0x3f, 0x31, 0x63, 0x00, 0x01, 0x61, 
    /* U+006F */
    0x00, 0x04, 0x66, 0x20, 0x00, 0x2f, 0xa6, 0x8f, 0x80, 0x1f, 0x80, 0x00, 0x3f, 0x45, 0xf0, 0x00, 
    0x00, 0xca, 0x9f, 0x00, 0x00, 0x0a, 0xfa, 0xf0, 0x00, 0x00, 0xaf, 0x6f, 0x00, 0x00, 0x0c, 0x91, 
    0xf8, 0x00, 0x03, 0xf4, 0x04, 0xfa, 0x68, 0xf5, 0x00, 0x00, 0x46, 0x51, 0x00, 
    /* U+0070 */
    0x16, 0x30, 0x56, 0x40, 0x03, 0xf9, 0xd7, 0x7f, 0xc0, 0x3f, 0xf2, 0x00, 0x2f, 0x63, 0xf7, 0x00, 
    0x00, 0xac, 0x3f, 0x60, 0x00, 0x0a, 0xf3, 0xf6, 0x00, 0x00, 0xaf, 0x3f, 0x60, 0x00, 0x0d, 0x93, 
    0xfd, 0x00, 0x04, 0xf4, 0x3f, 0xcd, 0x68, 0xf8, 0x03, 0xf6, 0x16, 0x62, 0x00, 0x3f, 0x60, 0x00, 
    0x00, 0x03, 0xf6, 0x00, 0x00, 0x00, 0x3f, 0x60, 0x00, 0x00, 0x01, 0x63, 0x00, 0x00, 0x00, 
    /* U+0071 */
    0x00, 0x15, 0x63, 0x16, 0x30, 0x4f, 0xa6, 0xaa, 0xf6, 0x1f, 0x70, 0x00, 0x9f, 0x65, 0xf1, 0x00, 
    0x03, 0xf6, 0x9f, 0x00, 0x00, 0x3f, 0x6a, 0xf0, 0x00, 0x03, 0xf6, 0x7f, 0x00, 0x00, 0x4f, 0x63, 
    0xf6, 0x00, 0x0a, 0xf6, 0x08, 0xf8, 0x6a, 0xaf, 0x60, 0x02, 0x66, 0x23, 0xf6, 0x00, 0x00, 0x00, 
    0x3f, 0x60, 0x00, 0x00, 0x03, 0xf6, 0x00, 0x00, 0x00, 0x3f, 0x60, 0x00, 0x00, 0x01, 0x63, 
    /* U+0072 */
    0x16, 0x33, 0x62, 0x3f, 0xac, 0x64, 0x3f, 0xf0, 0x00, 0x3f, 0x70, 0x00, 0x3f, 0x60, 0x00, 0x3f, 
    0x60, 0x00, 0x3f, 0x60, 0x00, 0x3f, 0x60, 0x00, 0x3f, 0x60, 0x00, 0x16, 0x30, 0x00, 
    /* U+0073 */
    0x00, 0x46, 0x40, 0x00, 0xcc, 0x68, 0xc0, 0x6f, 0x00, 0x02, 0x06, 0xf2, 0x00, 0x00, 0x2f, 0xf8, 
    0x10, 0x00, 0x18, 0xff, 0x70, 0x00, 0x00, 0x9f, 0x22, 0x00, 0x04, 0xf2, 0x7c, 0x67, 0xf8, 0x00, 
    0x36, 0x62, 0x00, 
    /* U+0074 */
    0x00, 0x04, 0x00, 0x00, 0xaf, 0x00, 0x00, 0xaf, 0x00, 0x16, 0xdf, 0x66, 0x16, 0xdf, 0x66, 0x00, 
    0xaf, 0x00, 0x00, 0xaf, 0x00, 0x00, 0xaf, 0x00, 0x00, 0xaf, 0x00, 0x00, 0x9f, 0x00, 0x00, 0x6f, 
    0x00, 0x00, 0x3f, 0x97, 0x00, 0x03, 0x65, 
    /* U+0075 */
    0x16, 0x10, 0x00, 0x36, 0x3f, 0x30, 0x00, 0x6f, 0x3f, 0x30, 0x00, 0x6f, 0x3f, 0x30, 0x00, 0x6f, 
    0x3f, 0x30, 0x00, 0x6f, 0x3f, 0x30, 0x00, 0x6f, 0x3f, 0x30, 0x00, 0x7f, 0x1f, 0x80, 0x00, 0xff, 
    0x07, 0xf8, 0x6c, 0xaf, 0x00, 0x36, 0x51, 0x36, 
    /* U+0076 */
    0x16, 0x20, 0x00, 0x04, 0x40, 0xf8, 0x00, 0x00, 0xf6, 0x08, 0xf0, 0x00, 0x4f, 0x10, 0x4f, 0x40, 
    0x09, 0x90, 0x00, 0xf7, 0x00, 0xf4, 0x00, 0x07, 0xd0, 0x4f, 0x00, 0x00, 0x2f, 0x29, 0x80, 0x00, 
    0x00, 0xd7, 0xf2, 0x00, 0x00, 0x05, 0xfc, 0x00, 0x00, 0x00, 0x16, 0x30, 0x00, 
    /* U+0077 */
    0x16, 0x20, 0x00, 0x54, 0x00, 0x04, 0x50, 0xf7, 0x00, 0x0f, 0xd0, 0x00, 0xc8, 0x09, 0xc0, 0x04, 
    0xff, 0x10, 0x0f, 0x40, 0x5f, 0x00, 0x78, 0xd4, 0x03, 0xf0, 0x01, 0xf4, 0x0c, 0x48, 0x80, 0x6c, 
    0x00, 0x0d, 0x70, 0xf0, 0x4d, 0x0a, 0x60, 0x00, 0x7c, 0x4a, 0x00, 0xf1, 0xf2, 0x00, 0x04, 0xf7, 
    0x50, 0x0c, 0x8f, 0x00, 0x00, 0x0f, 0xf2, 0x00, 0x7d, 0x80, 0x00, 0x00, 0x46, 0x00, 0x01, 0x63, 
    0x00, 
    /* U+0078 */
    0x06, 0x40, 0x00, 0x26, 0x10, 0x7f, 0x10, 0x0c, 0xc0, 0x00, 0xfa, 0x04, 0xf2, 0x00, 0x04, 0xf4, 
    0xd6, 0x00, 0x00, 0x0a, 0xfd, 0x00, 0x00, 0x00, 0x9f, 0xc0, 0x00, 0x00, 0x4f, 0x4f, 0x60, 0x00, 
    0x0f, 0x80, 0x7f, 0x10, 0x09, 0xf0, 0x00, 0xfa, 0x00, 0x64, 0x00, 0x04, 0x61, 
    /* U+0079 */
    0x16, 0x20, 0x00, 0x04, 0x50, 0xf8, 0x00, 0x00, 0xf7, 0x08, 0xf0, 0x00, 0x4f, 0x10, 0x3f, 0x40, 
    0x08, 0xc0, 0x00, 0xd8, 0x00, 0xf4, 0x00, 0x06, 0xf0, 0x4f, 0x00, 0x00, 0x1f, 0x49, 0x80, 0x00, 
    0x00, 0xa9, 0xf2, 0x00, 0x00, 0x04, 0xfd, 0x00, 0x00, 0x00, 0x0f, 0x50, 0x00, 0x00, 0x04, 0xf0, 
    0x00, 0x00, 0x00, 0xa8, 0x00, 0x00, 0x07, 0x9c, 0x00, 0x00, 0x00, 0x55, 0x00, 0x00, 0x00, 
    /* U+007A */
    0x04, 0x66, 0x66, 0x66, 0x04, 0x66, 0x69, 0xf6, 0x00, 0x00, 0x0c, 0xd0, 0x00, 0x00, 0x6f, 0x30, 
    0x00, 0x01, 0xf7, 0x00, 0x00, 0x0a, 0xd0, 0x00, 0x00, 0x5f, 0x40, 0x00, 0x01, 0xf9, 0x00, 0x00, 
    0x09, 0xf7, 0x66, 0x66, 0x06, 0x66, 0x66, 0x66, 
    /* U+007B */
    0x00, 0x05, 0x10, 0x0d, 0xa1, 0x03, 0xf0, 0x00, 0x5f, 0x00, 0x06, 0xf0, 0x00, 0x6f, 0x00, 0x07, 
    0xd0, 0x05, 0xf4, 0x00, 0x5f, 0x40, 0x00, 0x6d, 0x00, 0x06, 0xf0, 0x00, 0x6f, 0x00, 0x05, 0xf0, 
    0x00, 0x3f, 0x00, 0x00, 0xd9, 0x10, 0x00, 0x51, 
    /* U+007C */
    0x61, 0xf3, 0xf3, 0xf3, 0xf3, 0xf3, 0xf3, 0xf3, 0xf3, 0xf3, 0xf3, 0xf3, 0xf3, 0xf3, 0xf3, 0xf3, 
    0xf3, 0x61, 
    /* U+007D */
    0x62, 0x00, 0x7f, 0x40, 0x08, 0x90, 0x06, 0xa0, 0x06, 0xa0, 0x06, 0xa0, 0x06, 0xd0, 0x01, 0xd9, 
    0x01, 0xd9, 0x06, 0xd0, 0x06, 0xa0, 0x06, 0xa0, 0x06, 0xa0, 0x08, 0x90, 0x7f, 0x40, 0x62, 0x00, 
    /* U+007E */
    0x03, 0x64, 0x00, 0x04, 0x35, 0xf6, 0x9f, 0x86, 0xf4, 0x43, 0x00, 0x15, 0x63, 0x00, 
    /* U+00B7 */
    0x06, 0x06, 0xf4, 0x06, 0x00, 
    /* U+3001 */
    0x03, 0x00, 0x01, 0xf4, 0x00, 0x04, 0xf4, 0x00, 0x04, 0xf1, 0x00, 0x03, 0x00, 
    /* U+3002 */
    0x01, 0x63, 0x01, 0xf7, 0xf3, 0x6a, 0x0a, 0x61, 0xf7, 0xf4, 0x02, 0x63, 0x00, 
    /* U+4E0A */
    0x00, 0x00, 0x00, 0x63, 0x00, 0x00, 0x00, 0x00, 0x00, 0x00, 0x00, 0xf6, 0x00, 0x00, 0x00, 0x00, 
    0x00, 0x00, 0x00, 0xf6, 0x00, 0x00, 0x00, 0x00, 0x00, 0x00, 0x00, 0xf6, 0x00, 0x00, 0x00, 0x00, 
    0x00, 0x00, 0x00, 0xfa, 0x66, 0x66, 0x66, 0x00, 0x00, 0x00, 0x00, 0xfa, 0x66, 0x66, 0x66, 0x00, 
    0x00, 0x00, 0x00, 0xf6, 0x00, 0x00, 0x00, 0x00, 0x00, 0x00, 0x00, 0xf6, 0x00, 0x00, 0x00, 0x00, 
    0x00, 0x00, 0x00, 0xf6, 0x00, 0x00, 0x00, 0x00, 0x00, 0x00, 0x00, 0xf6, 0x00, 0x00, 0x00, 0x00, 
    0x00, 0x00, 0x00, 0xf6, 0x00, 0x00, 0x00, 0x00, 0x00, 0x00, 0x00, 0xf6, 0x00, 0x00, 0x00, 0x00, 
    0x66, 0x66, 0x66, 0xfa, 0x66, 0x66, 0x66, 0x61, 0x66, 0x66, 0x66, 0x66, 0x66, 0x66, 0x66, 0x61, 
    /* U+4E0B */
    0x66, 0x66, 0x66, 0x66, 0x66, 0x66, 0x66, 0x61, 0x66, 0x66, 0x66, 0xfa, 0x66, 0x66, 0x66, 0x61, 
    0x00, 0x00, 0x00, 0xf6, 0x00, 0x00, 0x00, 0x00, 0x00, 0x00, 0x00, 0xf6, 0x00, 0x00, 0x00, 0x00, 
    0x00, 0x00, 0x00, 0xf7, 0x70, 0x00, 0x00, 0x00, 0x00, 0x00, 0x00, 0xf9, 0xdc, 0x20, 0x00, 0x00, 
    0x00, 0x00, 0x00, 0xf6, 0x07, 0xf4, 0x00, 0x00, 0x00, 0x00, 0x00, 0xf6, 0x00, 0x4f, 0x80, 0x00, 
    0x00, 0x00, 0x00, 0xf6, 0x00, 0x01, 0xcc, 0x00, 0x00, 0x00, 0x00, 0xf6, 0x00, 0x00, 0x03, 0x00, 
    0x00, 0x00, 0x00, 0xf6, 0x00, 0x00, 0x00, 0x00, 0x00, 0x00, 0x00, 0xf6, 0x00, 0x00, 0x00, 0x00, 
    0x00, 0x00, 0x00, 0xf6, 0x00, 0x00, 0x00, 0x00, 0x00, 0x00, 0x00, 0xf6, 0x00, 0x00, 0x00, 0x00, 
    0x00, 0x00, 0x00, 0x63, 0x00, 0x00, 0x00, 0x00, 
    /* U+4E0D */
    0x06, 0x66, 0x66, 0x66, 0x66, 0x66, 0x66, 0x66, 0x10, 0x66, 0x66, 0x66, 0x69, 0xf7, 0x66, 0x66, 
    0x61, 0x00, 0x00, 0x00, 0x00, 0xc4, 0x00, 0x00, 0x00, 0x00, 0x00, 0x00, 0x00, 0x7a, 0x10, 0x00, 
    0x00, 0x00, 0x00, 0x00, 0x00, 0x48, 0xf3, 0x00, 0x00, 0x00, 0x00, 0x00, 0x00, 0x28, 0x3f, 0x34, 
    0x10, 0x00, 0x00, 0x00, 0x00, 0x2a, 0x03, 0xf3, 0x6f, 0x60, 0x00, 0x00, 0x00, 0x4c, 0x00, 0x3f, 
    0x30, 0x18, 0xf6, 0x00, 0x00, 0x7c, 0x00, 0x03, 0xf3, 0x00, 0x02, 0xad, 0x31, 0xc8, 0x00, 0x00, 
    0x3f, 0x30, 0x00, 0x00, 0x40, 0x04, 0x00, 0x00, 0x03, 0xf3, 0x00, 0x00, 0x00, 0x00, 0x00, 0x00, 
    0x00, 0x3f, 0x30, 0x00, 0x00, 0x00, 0x00, 0x00, 0x00, 0x03, 0xf3, 0x00, 0x00, 0x00, 0x00, 0x00, 
    0x00, 0x00, 0x3f, 0x30, 0x00, 0x00, 0x00, 0x00, 0x00, 0x00, 0x01, 0x61, 0x00, 0x00, 0x00, 0x00, 
    /* U+4E3A */
    0x00, 0x20, 0x00, 0x34, 0x00, 0x00, 0x00, 0x00, 0x3f, 0x40, 0x06, 0xa0, 0x00, 0x00, 0x00, 0x00, 
    0x2f, 0x60, 0x6a, 0x00, 0x00, 0x00, 0x00, 0x00, 0x20, 0x08, 0xa0, 0x00, 0x00, 0x00, 0x46, 0x66, 
    0x66, 0xdd, 0x66, 0x66, 0x66, 0x34, 0x66, 0x66, 0x6d, 0xc6, 0x66, 0x66, 0xf6, 0x00, 0x00, 0x00, 
    0xd6, 0x00, 0x00, 0x0f, 0x60, 0x00, 0x00, 0x2f, 0x22, 0x00, 0x00, 0xf4, 0x00, 0x00, 0x07, 0xd0, 
    0xc4, 0x00, 0x0f, 0x30, 0x00, 0x00, 0xf6, 0x02, 0xf4, 0x01, 0xf3, 0x00, 0x00, 0x6f, 0x00, 0x02, 
    0xf3, 0x3f, 0x20, 0x00, 0x2f, 0x40, 0x00, 0x03, 0x04, 0xf0, 0x00, 0x2f, 0x70, 0x00, 0x00, 0x00, 
    0x7f, 0x00, 0x2f, 0x80, 0x00, 0x06, 0x66, 0x8f, 0x60, 0x5f, 0x60, 0x00, 0x00, 0x66, 0x66, 0x30, 
    0x02, 0x20, 0x00, 0x00, 0x00, 0x00, 0x00, 0x00, 
    /* U+4ECD */
    0x00, 0x00, 0x41, 0x00, 0x00, 0x00, 0x00, 0x00, 0x00, 0x01, 0xf1, 0x66, 0x66, 0x66, 0x66, 0x10, 
    0x00, 0x05, 0xc0, 0x68, 0xf6, 0x66, 0x8f, 0x20, 0x00, 0x0c, 0x40, 0x03, 0xf0, 0x00, 0x7d, 0x00, 
    0x00, 0x1f, 0x30, 0x03, 0xf0, 0x00, 0xf5, 0x00, 0x00, 0x8f, 0x30, 0x03, 0xf0, 0x04, 0xf0, 0x00, 
    0x01, 0xff, 0x30, 0x03, 0xf0, 0x09, 0xd6, 0x63, 0x08, 0xaf, 0x30, 0x04, 0xa0, 0x04, 0x66, 0xd6, 
    0x1f, 0x1f, 0x30, 0x06, 0xa0, 0x00, 0x00, 0xa6, 0x02, 0x0f, 0x30, 0x08, 0x80, 0x00, 0x00, 0xa6, 
    0x00, 0x0f, 0x30, 0x0d, 0x50, 0x00, 0x00, 0xa6, 0x00, 0x0f, 0x30, 0x3f, 0x10, 0x00, 0x00, 0xa3, 
    0x00, 0x0f, 0x30, 0xaa, 0x00, 0x00, 0x00, 0xf3, 0x00, 0x0f, 0x35, 0xf3, 0x00, 0x00, 0x00, 0xf2, 
    0x00, 0x0f, 0x4f, 0x60, 0x00, 0x46, 0x6c, 0xc0, 0x00, 0x06, 0x13, 0x00, 0x00, 0x46, 0x65, 0x00, 
    /* U+4EE5 */
    0x00, 0x00, 0x03, 0x00, 0x00, 0x01, 0x60, 0x00, 0x06, 0x10, 0x0a, 0x60, 0x00, 0x03, 0xf0, 0x00, 
    0x0f, 0x30, 0x02, 0xf1, 0x00, 0x03, 0xf0, 0x00, 0x0f, 0x30, 0x00, 0x88, 0x00, 0x03, 0xc0, 0x00, 
    0x0f, 0x30, 0x00, 0x1f, 0x20, 0x03, 0xa0, 0x00, 0x0f, 0x30, 0x00, 0x03, 0x00, 0x05, 0xa0, 0x00, 
    0x0f, 0x30, 0x00, 0x00, 0x00, 0x06, 0xa0, 0x00, 0x0f, 0x30, 0x00, 0x00, 0x00, 0x09, 0x60, 0x00, 
    0x0f, 0x30, 0x00, 0x00, 0x00, 0x0d, 0x40, 0x00, 0x0f, 0x30, 0x00, 0x20, 0x00, 0x3f, 0x00, 0x00, 
    0x0f, 0x30, 0x09, 0x80, 0x00, 0xaf, 0x20, 0x00, 0x0f, 0x34, 0xd5, 0x00, 0x06, 0xf8, 0xc0, 0x00, 
    0x0f, 0xda, 0x10, 0x00, 0x6f, 0x20, 0xca, 0x00, 0x4f, 0x50, 0x00, 0x1a, 0xd2, 0x00, 0x1f, 0x70, 
    0x02, 0x00, 0x08, 0xf7, 0x00, 0x00, 0x04, 0xf1, 0x00, 0x00, 0x04, 0x10, 0x00, 0x00, 0x00, 0x20, 
    /* U+4F1A */
    0x00, 0x00, 0x00, 0x05, 0x50, 0x00, 0x00, 0x00, 0x00, 0x00, 0x00, 0x5f, 0xf2, 0x00, 0x00, 0x00, 
    0x00, 0x00, 0x04, 0xf2, 0x6d, 0x00, 0x00, 0x00, 0x00, 0x00, 0x4f, 0x20, 0x08, 0xc0, 0x00, 0x00, 
    0x00, 0x07, 0xf2, 0x00, 0x00, 0x8d, 0x20, 0x00, 0x02, 0xca, 0x00, 0x00, 0x00, 0x04, 0xf6, 0x00, 
    0x6f, 0x63, 0x66, 0x66, 0x66, 0x66, 0x3a, 0xd4, 0x21, 0x03, 0x66, 0x66, 0x66, 0x66, 0x10, 0x32, 
    0x00, 0x00, 0x00, 0x00, 0x00, 0x00, 0x00, 0x00, 0x36, 0x66, 0x66, 0x66, 0x66, 0x66, 0x66, 0x61, 
    0x36, 0x66, 0x69, 0xf7, 0x66, 0x66, 0x66, 0x61, 0x00, 0x00, 0x0c, 0x40, 0x01, 0x10, 0x00, 0x00, 
    0x00, 0x00, 0x74, 0x00, 0x15, 0xd4, 0x00, 0x00, 0x00, 0x04, 0x9a, 0xcf, 0xff, 0xca, 0x60, 0x00, 
    0x00, 0x6a, 0x63, 0x31, 0x00, 0x00, 0x96, 0x00, 0x00, 0x30, 0x00, 0x00, 0x00, 0x00, 0x00, 0x00, 
    /* U+4F4F */
    0x00, 0x00, 0x32, 0x00, 0x00, 0x30, 0x00, 0x00, 0x00, 0x00, 0x0c, 0x40, 0x00, 0x2c, 0x70, 0x00, 
    0x00, 0x00, 0x03, 0xd1, 0x66, 0x66, 0x79, 0x66, 0x66, 0x00, 0x00, 0x96, 0x16, 0x66, 0x6a, 0xd6, 
    0x66, 0x60, 0x00, 0x3f, 0x60, 0x00, 0x00, 0x6a, 0x00, 0x00, 0x00, 0x0c, 0xf6, 0x00, 0x00, 0x06, 
    0xa0, 0x00, 0x00, 0x06, 0xcc, 0x60, 0x00, 0x00, 0x6a, 0x00, 0x00, 0x01, 0xf2, 0xa6, 0x04, 0x66, 
    0x6a, 0xd6, 0x66, 0x30, 0x01, 0x0a, 0x60, 0x46, 0x66, 0xad, 0x66, 0x63, 0x00, 0x00, 0xa6, 0x00, 
    0x00, 0x06, 0xa0, 0x00, 0x00, 0x00, 0x0a, 0x60, 0x00, 0x00, 0x6a, 0x00, 0x00, 0x00, 0x00, 0xa6, 
    0x00, 0x00, 0x06, 0xa0, 0x00, 0x00, 0x00, 0x0a, 0x60, 0x00, 0x00, 0x6a, 0x00, 0x00, 0x00, 0x00, 
    0xa6, 0x46, 0x66, 0x6a, 0xd6, 0x66, 0x63, 0x00, 0x0a, 0x64, 0x66, 0x66, 0x66, 0x66, 0x66, 0x30, 
    0x00, 0x43, 0x00, 0x00, 0x00, 0x00, 0x00, 0x00, 
    /* U+4F5C */
    0x00, 0x00, 0x41, 0x00, 0x40, 0x00, 0x00, 0x00, 0x00, 0x00, 0x0f, 0x20, 0x1f, 0x00, 0x00, 0x00, 
    0x00, 0x00, 0x04, 0xd0, 0x07, 0xc6, 0x66, 0x66, 0x66, 0x10, 0x00, 0xa5, 0x00, 0xd6, 0xda, 0x66, 
    0x66, 0x61, 0x00, 0x1f, 0x30, 0x76, 0x0a, 0x60, 0x00, 0x00, 0x00, 0x08, 0xf3, 0x2f, 0x00, 0xa6, 
    0x00, 0x00, 0x00, 0x01, 0xff, 0x3c, 0x40, 0x0a, 0xa6, 0x66, 0x64, 0x00, 0x96, 0xf3, 0x10, 0x00, 
    0xaa, 0x66, 0x66, 0x40, 0x1d, 0x0f, 0x30, 0x00, 0x0a, 0x60, 0x00, 0x00, 0x00, 0x10, 0xf3, 0x00, 
    0x00, 0xa6, 0x00, 0x00, 0x00, 0x00, 0x0f, 0x30, 0x00, 0x0a, 0xa6, 0x66, 0x64, 0x00, 0x00, 0xf3, 
    0x00, 0x00, 0xaa, 0x66, 0x66, 0x40, 0x00, 0x0f, 0x30, 0x00, 0x0a, 0x60, 0x00, 0x00, 0x00, 0x00, 
    0xf3, 0x00, 0x00, 0xa6, 0x00, 0x00, 0x00, 0x00, 0x0f, 0x30, 0x00, 0x0a, 0x60, 0x00, 0x00, 0x00, 
    0x00, 0x61, 0x00, 0x00, 0x43, 0x00, 0x00, 0x00, 
    /* U+4FDD */
    0x00, 0x00, 0x40, 0x00, 0x00, 0x00, 0x00, 0x00, 0x00, 0x00, 0x4d, 0x04, 0x66, 0x66, 0x66, 0x66, 
    0x00, 0x00, 0x09, 0x60, 0xaa, 0x66, 0x66, 0x68, 0xf0, 0x00, 0x01, 0xf1, 0x0a, 0x60, 0x00, 0x00, 
    0x3f, 0x00, 0x00, 0x6a, 0x00, 0xa6, 0x00, 0x00, 0x03, 0xf0, 0x00, 0x0f, 0xa0, 0x0a, 0xa6, 0x66, 
    0x66, 0x8f, 0x00, 0x09, 0xfa, 0x00, 0xaa, 0x66, 0xf8, 0x68, 0xf0, 0x01, 0xd7, 0xa0, 0x04, 0x30, 
    0x0f, 0x30, 0x16, 0x00, 0x02, 0x6a, 0x16, 0x66, 0x66, 0xf8, 0x66, 0x66, 0x10, 0x06, 0xa1, 0x66, 
    0x67, 0xff, 0xf6, 0x66, 0x61, 0x00, 0x6a, 0x00, 0x00, 0xa2, 0xf6, 0x80, 0x00, 0x00, 0x06, 0xa0, 
    0x04, 0xd2, 0x0f, 0x34, 0xc1, 0x00, 0x00, 0x6a, 0x2a, 0xc2, 0x00, 0xf3, 0x02, 0xd8, 0x00, 0x06, 
    0xa0, 0x40, 0x00, 0x0f, 0x30, 0x00, 0x40, 0x00, 0x34, 0x00, 0x00, 0x00, 0x61, 0x00, 0x00, 0x00, 
    /* U+4FE1 */
    0x00, 0x00, 0x41, 0x00, 0x00, 0x30, 0x00, 0x00, 0x00, 0x00, 0x0f, 0x20, 0x00, 0x4f, 0x00, 0x00, 
    0x00, 0x00, 0x05, 0xc4, 0x66, 0x66, 0xf8, 0x66, 0x66, 0x10, 0x00, 0xd4, 0x46, 0x66, 0x66, 0x66, 
    0x66, 0x61, 0x00, 0x4f, 0x00, 0x66, 0x66, 0x66, 0x66, 0x61, 0x00, 0x0d, 0xf0, 0x06, 0x66, 0x66, 
    0x66, 0x66, 0x10, 0x07, 0xdf, 0x00, 0x66, 0x66, 0x66, 0x66, 0x61, 0x01, 0xf4, 0xf0, 0x06, 0x66, 
    0x66, 0x66, 0x66, 0x10, 0x01, 0x3f, 0x00, 0x00, 0x00, 0x00, 0x00, 0x00, 0x00, 0x03, 0xf0, 0x04, 
    0x66, 0x66, 0x66, 0x66, 0x10, 0x00, 0x3f, 0x00, 0xaa, 0x66, 0x66, 0x66, 0xf3, 0x00, 0x03, 0xf0, 
    0x0a, 0x60, 0x00, 0x00, 0x0f, 0x30, 0x00, 0x3f, 0x00, 0xa6, 0x00, 0x00, 0x00, 0xf3, 0x00, 0x03, 
    0xf0, 0x0a, 0xa6, 0x66, 0x66, 0x6f, 0x30, 0x00, 0x16, 0x00, 0x46, 0x66, 0x66, 0x66, 0x61, 0x00, 
    /* U+505A */
    0x00, 0x01, 0x40, 0x16, 0x00, 0x00, 0x50, 0x00, 0x00, 0x00, 0x6a, 0x03, 0xf0, 0x00, 0x3f, 0x00, 
    0x00, 0x00, 0x0c, 0x50, 0x3f, 0x00, 0x05, 0x90, 0x00, 0x00, 0x01, 0xf4, 0x68, 0xf6, 0x63, 0x8a, 
    0x66, 0x61, 0x00, 0x5c, 0x36, 0x8f, 0x66, 0x3f, 0x66, 0xd8, 0x10, 0x0d, 0xa0, 0x03, 0xf0, 0x04, 
    0xf0, 0x0c, 0x30, 0x03, 0xfa, 0x00, 0x3f, 0x00, 0x8f, 0x10, 0xf3, 0x00, 0xaa, 0xa0, 0x68, 0xf6, 
    0x6c, 0x93, 0x0f, 0x00, 0x3a, 0x6a, 0x0f, 0x86, 0x8f, 0x26, 0x63, 0xc0, 0x00, 0x16, 0xa0, 0xf3, 
    0x03, 0xf0, 0x39, 0x57, 0x00, 0x00, 0x6a, 0x0f, 0x30, 0x3f, 0x00, 0xfc, 0x20, 0x00, 0x06, 0xa0, 
    0xf3, 0x03, 0xf0, 0x08, 0xf0, 0x00, 0x00, 0x6a, 0x0f, 0x86, 0x8f, 0x02, 0xc8, 0x50, 0x00, 0x06, 
    0xa0, 0xf8, 0x66, 0x62, 0xf2, 0x0d, 0x20, 0x00, 0x6a, 0x06, 0x10, 0x01, 0xf4, 0x00, 0x4f, 0x10, 
    0x03, 0x40, 0x00, 0x00, 0x03, 0x00, 0x00, 0x30, 
    /* U+505C */
    0x00, 0x00, 0x40, 0x00, 0x02, 0x30, 0x00, 0x00, 0x00, 0x00, 0x3f, 0x00, 0x00, 0x5d, 0x00, 0x00, 
    0x00, 0x00, 0x07, 0x84, 0x66, 0x66, 0xf9, 0x66, 0x66, 0x00, 0x00, 0xd4, 0x46, 0x66, 0x66, 0x66, 
    0x66, 0x60, 0x00, 0x3f, 0x00, 0x46, 0x66, 0x66, 0x66, 0x10, 0x00, 0x08, 0xf0, 0x0a, 0xa6, 0x66, 
    0x66, 0xf3, 0x00, 0x01, 0xff, 0x00, 0xaa, 0x66, 0x66, 0x6f, 0x30, 0x00, 0x99, 0xf0, 0x04, 0x66, 
    0x66, 0x66, 0x61, 0x00, 0x1d, 0x3f, 0x16, 0x66, 0x66, 0x66, 0x66, 0x66, 0x10, 0x13, 0xf3, 0xf6, 
    0x66, 0x66, 0x66, 0x66, 0xf3, 0x00, 0x3f, 0x16, 0x46, 0x66, 0x66, 0x66, 0x36, 0x10, 0x03, 0xf0, 
    0x04, 0x66, 0x6d, 0xa6, 0x63, 0x00, 0x00, 0x3f, 0x00, 0x00, 0x00, 0xa6, 0x00, 0x00, 0x00, 0x03, 
    0xf0, 0x00, 0x00, 0x0a, 0x60, 0x00, 0x00, 0x00, 0x3f, 0x00, 0x02, 0x66, 0xf4, 0x00, 0x00, 0x00, 
    0x01, 0x60, 0x00, 0x16, 0x64, 0x00, 0x00, 0x00, 
    /* U+5165 */
    0x00, 0x00, 0x02, 0x20, 0x00, 0x00, 0x00, 0x00, 0x00, 0x00, 0x05, 0xf2, 0x00, 0x00, 0x00, 0x00, 
    0x00, 0x00, 0x00, 0x6d, 0x00, 0x00, 0x00, 0x00, 0x00, 0x00, 0x00, 0x0a, 0x70, 0x00, 0x00, 0x00, 
    0x00, 0x00, 0x00, 0x09, 0xf1, 0x00, 0x00, 0x00, 0x00, 0x00, 0x00, 0x0f, 0xd8, 0x00, 0x00, 0x00, 
    0x00, 0x00, 0x00, 0x4f, 0x1f, 0x10, 0x00, 0x00, 0x00, 0x00, 0x00, 0xd7, 0x08, 0x80, 0x00, 0x00, 
    0x00, 0x00, 0x04, 0xf1, 0x01, 0xf1, 0x00, 0x00, 0x00, 0x00, 0x0f, 0x60, 0x00, 0x6a, 0x00, 0x00, 
    0x00, 0x00, 0x9c, 0x00, 0x00, 0x0d, 0x50, 0x00, 0x00, 0x08, 0xf1, 0x00, 0x00, 0x02, 0xf2, 0x00, 
    0x00, 0x8f, 0x20, 0x00, 0x00, 0x00, 0x4f, 0x30, 0x0c, 0xc2, 0x00, 0x00, 0x00, 0x00, 0x04, 0xf8, 
    0x03, 0x00, 0x00, 0x00, 0x00, 0x00, 0x00, 0x13, 
    /* U+51FA */
    0x00, 0x00, 0x01, 0x61, 0x00, 0x00, 0x03, 0x40, 0x00, 0x3f, 0x30, 0x00, 0x44, 0x6a, 0x00, 0x03, 
    0xf3, 0x00, 0x0a, 0xa6, 0xa0, 0x00, 0x3f, 0x30, 0x00, 0xaa, 0x6a, 0x00, 0x03, 0xf3, 0x00, 0x0a, 
    0xa6, 0xa0, 0x00, 0x3f, 0x30, 0x00, 0xaa, 0x6d, 0x66, 0x68, 0xf8, 0x66, 0x6d, 0xa3, 0x66, 0x66, 
    0x8f, 0x86, 0x66, 0xda, 0x00, 0x00, 0x03, 0xf3, 0x00, 0x04, 0x46, 0x10, 0x00, 0x3f, 0x30, 0x00, 
    0x16, 0xf3, 0x00, 0x03, 0xf3, 0x00, 0x03, 0xff, 0x30, 0x00, 0x3f, 0x30, 0x00, 0x3f, 0xf3, 0x00, 
    0x03, 0xf3, 0x00, 0x03, 0xff, 0x86, 0x66, 0x8f, 0x86, 0x66, 0x8f, 0x66, 0x66, 0x66, 0x66, 0x66, 
    0x68, 0xf0, 0x00, 0x00, 0x00, 0x00, 0x00, 0x16, 
    /* U+51FB */
    0x00, 0x00, 0x00, 0x01, 0x61, 0x00, 0x00, 0x00, 0x00, 0x00, 0x00, 0x00, 0x3f, 0x30, 0x00, 0x00, 
    0x00, 0x00, 0x66, 0x66, 0x68, 0xf8, 0x66, 0x66, 0x61, 0x00, 0x06, 0x66, 0x66, 0x8f, 0x86, 0x66, 
    0x66, 0x10, 0x00, 0x00, 0x00, 0x03, 0xf3, 0x00, 0x00, 0x00, 0x00, 0x00, 0x00, 0x00, 0x3f, 0x30, 
    0x00, 0x00, 0x00, 0x16, 0x66, 0x66, 0x68, 0xf8, 0x66, 0x66, 0x66, 0x11, 0x66, 0x66, 0x66, 0x8f, 
    0x86, 0x66, 0x66, 0x61, 0x00, 0x44, 0x00, 0x03, 0xf3, 0x00, 0x04, 0x40, 0x00, 0x0a, 0xa0, 0x00, 
    0x3f, 0x30, 0x00, 0xaa, 0x00, 0x00, 0xaa, 0x00, 0x03, 0xf3, 0x00, 0x0a, 0xa0, 0x00, 0x0a, 0xa0, 
    0x00, 0x3f, 0x30, 0x00, 0xaa, 0x00, 0x00, 0xaa, 0x00, 0x03, 0xf3, 0x00, 0x0a, 0xa0, 0x00, 0x0a, 
    0xd6, 0x66, 0x8f, 0x86, 0x66, 0xda, 0x00, 0x00, 0x46, 0x66, 0x66, 0x66, 0x66, 0x6d, 0xa0, 0x00, 
    0x00, 0x00, 0x00, 0x00, 0x00, 0x00, 0x44, 0x00, 
    /* U+5207 */
    0x00, 0x16, 0x00, 0x00, 0x00, 0x00, 0x00, 0x00, 0x00, 0x3f, 0x00, 0x46, 0x66, 0x66, 0x66, 0x63, 
    0x00, 0x3f, 0x00, 0x46, 0x6d, 0xa6, 0x66, 0xf6, 0x00, 0x3f, 0x00, 0x00, 0x0a, 0x60, 0x00, 0xf4, 
    0x03, 0x6f, 0x69, 0xa2, 0x0f, 0x40, 0x00, 0xf3, 0x2a, 0xcf, 0x65, 0x30, 0x0f, 0x30, 0x00, 0xf3, 
    0x00, 0x3f, 0x00, 0x00, 0x0f, 0x30, 0x00, 0xf3, 0x00, 0x3f, 0x00, 0x00, 0x0f, 0x30, 0x00, 0xf3, 
    0x00, 0x3f, 0x00, 0x00, 0x0f, 0x20, 0x00, 0xf3, 0x00, 0x3f, 0x00, 0x01, 0x3f, 0x00, 0x00, 0xf2, 
    0x00, 0x3f, 0x04, 0xd2, 0x7a, 0x00, 0x03, 0xf0, 0x00, 0x3f, 0xaa, 0x10, 0xf4, 0x00, 0x03, 0xf0, 
    0x00, 0x5f, 0x50, 0x07, 0xd0, 0x00, 0x04, 0xf0, 0x00, 0x02, 0x00, 0x4f, 0x21, 0x66, 0x6f, 0x80, 
    0x00, 0x00, 0x06, 0xf4, 0x00, 0x66, 0x65, 0x00, 0x00, 0x00, 0x01, 0x20, 0x00, 0x00, 0x00, 0x00, 
    /* U+522B */
    0x00, 0x00, 0x00, 0x00, 0x00, 0x00, 0x06, 0x11, 0x66, 0x66, 0x66, 0x60, 0x00, 0x00, 0xf3, 0x3f, 
    0x66, 0x66, 0x8f, 0x01, 0x60, 0x0f, 0x33, 0xf0, 0x00, 0x03, 0xf0, 0x3f, 0x00, 0xf3, 0x3f, 0x66, 
    0x66, 0x8f, 0x03, 0xf0, 0x0f, 0x33, 0xf6, 0x66, 0x68, 0xf0, 0x3f, 0x00, 0xf3, 0x16, 0x16, 0x00, 
    0x16, 0x03, 0xf0, 0x0f, 0x30, 0x03, 0xf0, 0x00, 0x00, 0x3f, 0x00, 0xf3, 0x46, 0x8f, 0x66, 0x66, 
    0x13, 0xf0, 0x0f, 0x34, 0x68, 0xf6, 0x68, 0xf2, 0x3f, 0x00, 0xf3, 0x00, 0x4a, 0x00, 0x3f, 0x03, 
    0xf0, 0x0f, 0x30, 0x0d, 0x50, 0x03, 0xf0, 0x16, 0x00, 0xf3, 0x08, 0xc0, 0x00, 0x4f, 0x00, 0x00, 
    0x0f, 0x3a, 0xc2, 0x46, 0x6d, 0x90, 0x16, 0x68, 0xf1, 0x30, 0x04, 0x66, 0x40, 0x00, 0x66, 0x63, 
    0x00, 
    /* U+5230 */
    0x00, 0x00, 0x00, 0x00, 0x00, 0x00, 0x04, 0x34, 0x66, 0x66, 0x66, 0x66, 0x10, 0x00, 0xa6, 0x46, 
    0x6f, 0xc6, 0x66, 0x61, 0x61, 0x0a, 0x60, 0x05, 0xd0, 0x04, 0x00, 0x0f, 0x30, 0xa6, 0x02, 0xd2, 
    0x00, 0xc6, 0x00, 0xf3, 0x0a, 0x62, 0xf9, 0x66, 0x67, 0xf3, 0x0f, 0x30, 0xa6, 0x06, 0x66, 0x66, 
    0x68, 0xd0, 0xf3, 0x0a, 0x60, 0x00, 0x06, 0x10, 0x03, 0x0f, 0x30, 0xa6, 0x36, 0x66, 0xf8, 0x66, 
    0x60, 0xf3, 0x0a, 0x63, 0x66, 0x6f, 0x86, 0x66, 0x0f, 0x30, 0xa6, 0x00, 0x00, 0xf3, 0x00, 0x00, 
    0xf3, 0x0a, 0x60, 0x00, 0x0f, 0x30, 0x00, 0x06, 0x10, 0xa6, 0x00, 0x00, 0xf3, 0x33, 0x60, 0x00, 
    0x0a, 0x65, 0x9a, 0xcf, 0xfa, 0xa6, 0x04, 0x66, 0xf5, 0x44, 0x31, 0x00, 0x00, 0x00, 0x36, 0x64, 
    0x00, 
    /* U+5236 */
    0x00, 0x23, 0x04, 0x30, 0x00, 0x00, 0x00, 0x43, 0x00, 0x8c, 0x6d, 0xa6, 0x66, 0x04, 0x30, 0xa6, 
    0x02, 0xd6, 0x6d, 0xa6, 0x66, 0x0a, 0x60, 0xa6, 0x0a, 0x40, 0x0a, 0x60, 0x00, 0x0a, 0x60, 0xa6, 
    0x17, 0x66, 0x6d, 0xa6, 0x66, 0x3a, 0x60, 0xa6, 0x16, 0x66, 0x6d, 0xa6, 0x66, 0x3a, 0x60, 0xa6, 
    0x00, 0x00, 0x0a, 0x60, 0x00, 0x0a, 0x60, 0xa6, 0x00, 0x66, 0x6d, 0xa6, 0x66, 0x0a, 0x60, 0xa6, 
    0x00, 0xf8, 0x6d, 0xa6, 0x8f, 0x0a, 0x60, 0xa6, 0x00, 0xf3, 0x0a, 0x60, 0x3f, 0x0a, 0x60, 0xa6, 
    0x00, 0xf3, 0x0a, 0x60, 0x3f, 0x04, 0x30, 0xa6, 0x00, 0xf3, 0x0a, 0x76, 0x9d, 0x00, 0x00, 0xa5, 
    0x00, 0x61, 0x0a, 0x66, 0x61, 0x04, 0x67, 0xf2, 0x00, 0x00, 0x04, 0x30, 0x00, 0x03, 0x66, 0x40, 
    /* U+524D */
    0x00, 0x00, 0x30, 0x00, 0x00, 0x20, 0x00, 0x00, 0x00, 0x01, 0xf4, 0x00, 0x02, 0xf4, 0x00, 0x00, 
    0x66, 0x66, 0x9d, 0x66, 0x6c, 0xc6, 0x66, 0x61, 0x66, 0x66, 0x66, 0x66, 0x66, 0x66, 0x66, 0x61, 
    0x06, 0x66, 0x66, 0x64, 0x03, 0x40, 0x16, 0x00, 0x0f, 0x86, 0x66, 0xaa, 0x06, 0xa0, 0x3f, 0x00, 
    0x0f, 0x30, 0x00, 0x6a, 0x06, 0xa0, 0x3f, 0x00, 0x0f, 0x86, 0x66, 0xaa, 0x06, 0xa0, 0x3f, 0x00, 
    0x0f, 0x86, 0x66, 0xaa, 0x06, 0xa0, 0x3f, 0x00, 0x0f, 0x30, 0x00, 0x6a, 0x06, 0xa0, 0x3f, 0x00, 
    0x0f, 0x86, 0x66, 0xaa, 0x06, 0xa0, 0x3f, 0x00, 0x0f, 0x86, 0x66, 0xaa, 0x03, 0x40, 0x3f, 0x00, 
    0x0f, 0x30, 0x00, 0x6a, 0x00, 0x00, 0x3f, 0x00, 0x0f, 0x30, 0x46, 0xa9, 0x00, 0x66, 0x9d, 0x00, 
    0x06, 0x10, 0x46, 0x61, 0x00, 0x46, 0x61, 0x00, 
    /* U+52A8 */
    0x00, 0x00, 0x00, 0x00, 0x03, 0x40, 0x00, 0x00, 0x66, 0x66, 0x66, 0x00, 0x6a, 0x00, 0x00, 0x06, 
    0x66, 0x66, 0x60, 0x06, 0xa0, 0x00, 0x00, 0x00, 0x00, 0x00, 0x66, 0xad, 0x66, 0x64, 0x00, 0x00, 
    0x00, 0x06, 0x6a, 0xd6, 0x6a, 0xa4, 0x66, 0x66, 0x66, 0x40, 0x7a, 0x00, 0x6a, 0x46, 0x8f, 0x66, 
    0x64, 0x0a, 0x70, 0x06, 0xa0, 0x06, 0x80, 0x00, 0x00, 0xa6, 0x00, 0x6a, 0x00, 0xd1, 0x04, 0x00, 
    0x0f, 0x40, 0x06, 0xa0, 0x48, 0x00, 0xf3, 0x02, 0xf1, 0x00, 0x8a, 0x0d, 0x20, 0x2a, 0xa0, 0x8a, 
    0x00, 0x0a, 0xa6, 0xd9, 0xfa, 0x7f, 0x3f, 0x30, 0x00, 0xa6, 0x24, 0x10, 0x00, 0x4d, 0x90, 0x00, 
    0x0c, 0x60, 0x00, 0x00, 0x07, 0xc0, 0x04, 0x67, 0xf3, 0x00, 0x00, 0x00, 0x20, 0x00, 0x46, 0x63, 
    0x00, 
    /* U+5355 */
    0x00, 0x00, 0x30, 0x00, 0x00, 0x00, 0x20, 0x00, 0x00, 0x00, 0x0c, 0x80, 0x00, 0x00, 0x9a, 0x00, 
    0x00, 0x00, 0x00, 0x2f, 0x50, 0x00, 0x5f, 0x00, 0x00, 0x00, 0x04, 0x66, 0xc9, 0x66, 0x7f, 0x96, 
    0x64, 0x00, 0x00, 0xaa, 0x66, 0x68, 0xf6, 0x66, 0x6a, 0xa0, 0x00, 0x0a, 0xa6, 0x66, 0x8f, 0x66, 
    0x66, 0xaa, 0x00, 0x00, 0xaa, 0x66, 0x68, 0xf6, 0x66, 0x6a, 0xa0, 0x00, 0x0a, 0x60, 0x00, 0x3f, 
    0x00, 0x00, 0x6a, 0x00, 0x00, 0xaa, 0x66, 0x68, 0xf6, 0x66, 0x6a, 0xa0, 0x00, 0x0a, 0xa6, 0x66, 
    0x8f, 0x66, 0x66, 0xaa, 0x00, 0x00, 0x43, 0x00, 0x03, 0xf0, 0x00, 0x03, 0x40, 0x01, 0x66, 0x66, 
    0x66, 0x8f, 0x66, 0x66, 0x66, 0x61, 0x16, 0x66, 0x66, 0x68, 0xf6, 0x66, 0x66, 0x66, 0x10, 0x00, 
    0x00, 0x00, 0x3f, 0x00, 0x00, 0x00, 0x00, 0x00, 0x00, 0x00, 0x03, 0xf0, 0x00, 0x00, 0x00, 0x00, 
    0x00, 0x00, 0x00, 0x16, 0x00, 0x00, 0x00, 0x00, 
    /* U+5360 */
    0x00, 0x00, 0x03, 0x40, 0x00, 0x00, 0x00, 0x00, 0x00, 0x06, 0xa0, 0x00, 0x00, 0x00, 0x00, 0x00, 
    0x06, 0xa0, 0x00, 0x00, 0x00, 0x00, 0x00, 0x06, 0xd6, 0x66, 0x66, 0x64, 0x00, 0x00, 0x06, 0xd6, 
    0x66, 0x66, 0x64, 0x00, 0x00, 0x06, 0xa0, 0x00, 0x00, 0x00, 0x00, 0x00, 0x06, 0xa0, 0x00, 0x00, 
    0x00, 0x16, 0x66, 0x6a, 0xd6, 0x66, 0x66, 0x10, 0x3f, 0x66, 0x66, 0x66, 0x66, 0x6f, 0x30, 0x3f, 
    0x00, 0x00, 0x00, 0x00, 0x0f, 0x30, 0x3f, 0x00, 0x00, 0x00, 0x00, 0x0f, 0x30, 0x3f, 0x00, 0x00, 
    0x00, 0x00, 0x0f, 0x30, 0x3f, 0x00, 0x00, 0x00, 0x00, 0x0f, 0x30, 0x3f, 0x66, 0x66, 0x66, 0x66, 
    0x6f, 0x30, 0x3f, 0x66, 0x66, 0x66, 0x66, 0x6f, 0x30, 0x16, 0x00, 0x00, 0x00, 0x00, 0x06, 0x10, 
    /* U+53D6 */
    0x06, 0x66, 0x66, 0x66, 0x66, 0x66, 0x66, 0x63, 0x00, 0x6f, 0x86, 0x6d, 0xa6, 0xf8, 0x66, 0x6d, 
    0x50, 0x00, 0xf3, 0x00, 0xa6, 0x0d, 0x30, 0x00, 0xf3, 0x00, 0x0f, 0x86, 0x6d, 0x60, 0xa5, 0x00, 
    0x1f, 0x00, 0x00, 0xf8, 0x66, 0xd6, 0x06, 0x80, 0x04, 0xc0, 0x00, 0x0f, 0x30, 0x0a, 0x60, 0x4d, 
    0x00, 0x87, 0x00, 0x00, 0xf8, 0x66, 0xd6, 0x00, 0xf2, 0x0f, 0x20, 0x00, 0x0f, 0x86, 0x6d, 0x60, 
    0x08, 0x74, 0xd0, 0x00, 0x00, 0xf3, 0x00, 0xa6, 0x00, 0x1f, 0xd4, 0x00, 0x00, 0x0f, 0x30, 0x2c, 
    0xa8, 0x20, 0xcf, 0x00, 0x00, 0x17, 0xfd, 0xfa, 0xfa, 0x41, 0x8c, 0xc5, 0x00, 0x00, 0x53, 0x00, 
    0x0a, 0x61, 0xcc, 0x00, 0xc6, 0x00, 0x00, 0x00, 0x00, 0xaa, 0xfa, 0x00, 0x00, 0xca, 0x00, 0x00, 
    0x00, 0x04, 0x34, 0x00, 0x00, 0x00, 0x30, 
    /* U+53D8 */
    0x00, 0x00, 0x00, 0x00, 0x40, 0x00, 0x00, 0x00, 0x00, 0x00, 0x00, 0x00, 0x3f, 0x30, 0x00, 0x00, 
    0x00, 0x06, 0x66, 0x66, 0x66, 0xda, 0x66, 0x66, 0x66, 0x00, 0x66, 0x66, 0x6f, 0x86, 0x6f, 0x86, 
    0x66, 0x60, 0x00, 0x00, 0x20, 0xf3, 0x00, 0xf3, 0x20, 0x00, 0x00, 0x00, 0xc6, 0x0f, 0x30, 0x0f, 
    0x37, 0xc0, 0x00, 0x00, 0xc8, 0x00, 0xf3, 0x00, 0xf3, 0x08, 0xc0, 0x00, 0xc8, 0x00, 0x06, 0x10, 
    0x06, 0x10, 0x08, 0xa0, 0x03, 0x36, 0x66, 0x66, 0x66, 0x66, 0x61, 0x03, 0x00, 0x03, 0x6c, 0xf6, 
    0x66, 0x66, 0xcf, 0x10, 0x00, 0x00, 0x00, 0x0c, 0x80, 0x00, 0x7f, 0x20, 0x00, 0x00, 0x00, 0x00, 
    0x09, 0xd6, 0xd8, 0x00, 0x00, 0x00, 0x00, 0x00, 0x02, 0x7f, 0xff, 0x72, 0x00, 0x00, 0x00, 0x46, 
    0xaf, 0xa5, 0x10, 0x48, 0xdf, 0xa9, 0x60, 0x04, 0x42, 0x00, 0x00, 0x00, 0x00, 0x03, 0x54, 0x00, 
    /* U+53E3 */
    0x46, 0x66, 0x66, 0x66, 0x66, 0x66, 0x4a, 0xd6, 0x66, 0x66, 0x66, 0x66, 0xda, 0xaa, 0x00, 0x00, 
    0x00, 0x00, 0x0a, 0xaa, 0xa0, 0x00, 0x00, 0x00, 0x00, 0xaa, 0xaa, 0x00, 0x00, 0x00, 0x00, 0x0a, 
    0xaa, 0xa0, 0x00, 0x00, 0x00, 0x00, 0xaa, 0xaa, 0x00, 0x00, 0x00, 0x00, 0x0a, 0xaa, 0xa0, 0x00, 
    0x00, 0x00, 0x00, 0xaa, 0xaa, 0x00, 0x00, 0x00, 0x00, 0x0a, 0xaa, 0xa0, 0x00, 0x00, 0x00, 0x00, 
    0xaa, 0xaa, 0x00, 0x00, 0x00, 0x00, 0x0a, 0xaa, 0xd6, 0x66, 0x66, 0x66, 0x66, 0xda, 0xad, 0x66, 
    0x66, 0x66, 0x66, 0x6d, 0xaa, 0xa0, 0x00, 0x00, 0x00, 0x00, 0xaa, 0x44, 0x00, 0x00, 0x00, 0x00, 
    0x04, 0x40, 
    /* U+53EF */
    0x16, 0x66, 0x66, 0x66, 0x66, 0x66, 0x66, 0x66, 0x11, 0x66, 0x66, 0x66, 0x66, 0x66, 0x6d, 0xa6, 
    0x61, 0x00, 0x00, 0x00, 0x00, 0x00, 0x00, 0xa6, 0x00, 0x00, 0x03, 0x66, 0x66, 0x66, 0x30, 0x0a, 
    0x60, 0x00, 0x00, 0x6d, 0x66, 0x66, 0xd6, 0x00, 0xa6, 0x00, 0x00, 0x06, 0xa0, 0x00, 0x0a, 0x60, 
    0x0a, 0x60, 0x00, 0x00, 0x6a, 0x00, 0x00, 0xa6, 0x00, 0xa6, 0x00, 0x00, 0x06, 0xa0, 0x00, 0x0a, 
    0x60, 0x0a, 0x60, 0x00, 0x00, 0x6a, 0x00, 0x00, 0xa6, 0x00, 0xa6, 0x00, 0x00, 0x06, 0xd6, 0x66, 
    0x6d, 0x60, 0x0a, 0x60, 0x00, 0x00, 0x6d, 0x66, 0x66, 0x63, 0x00, 0xa6, 0x00, 0x00, 0x03, 0x40, 
    0x00, 0x00, 0x00, 0x0a, 0x60, 0x00, 0x00, 0x00, 0x00, 0x00, 0x36, 0x67, 0xf4, 0x00, 0x00, 0x00, 
    0x00, 0x00, 0x01, 0x66, 0x64, 0x00, 0x00, 
    /* U+540E */
    0x00, 0x00, 0x00, 0x00, 0x00, 0x01, 0x34, 0x40, 0x00, 0x36, 0x69, 0xaa, 0xaf, 0xff, 0xaa, 0x70, 
    0x00, 0x6d, 0x66, 0x33, 0x30, 0x00, 0x00, 0x00, 0x00, 0x6a, 0x00, 0x00, 0x00, 0x00, 0x00, 0x00, 
    0x00, 0x6d, 0x66, 0x66, 0x66, 0x66, 0x66, 0x66, 0x00, 0x6d, 0x66, 0x66, 0x66, 0x66, 0x66, 0x66, 
    0x00, 0x6a, 0x00, 0x00, 0x00, 0x00, 0x00, 0x00, 0x00, 0x6a, 0x00, 0x00, 0x00, 0x00, 0x00, 0x00, 
    0x00, 0x68, 0x04, 0x66, 0x66, 0x66, 0x66, 0x40, 0x00, 0x76, 0x0a, 0xa6, 0x66, 0x66, 0x6a, 0xa0, 
    0x00, 0xa6, 0x0a, 0x60, 0x00, 0x00, 0x06, 0xa0, 0x00, 0xd3, 0x0a, 0x60, 0x00, 0x00, 0x06, 0xa0, 
    0x02, 0xf0, 0x0a, 0x60, 0x00, 0x00, 0x06, 0xa0, 0x08, 0x80, 0x0a, 0xa6, 0x66, 0x66, 0x6a, 0xa0, 
    0x2f, 0x10, 0x0a, 0xa6, 0x66, 0x66, 0x6a, 0xa0, 0x03, 0x00, 0x04, 0x30, 0x00, 0x00, 0x03, 0x40, 
    /* U+5411 */
    0x00, 0x00, 0x01, 0x40, 0x00, 0x00, 0x00, 0x00, 0x00, 0x05, 0xf0, 0x00, 0x00, 0x00, 0x16, 0x66, 
    0x6c, 0xc6, 0x66, 0x66, 0x66, 0x3f, 0x66, 0x66, 0x66, 0x66, 0x66, 0x8f, 0x3f, 0x00, 0x00, 0x00, 
    0x00, 0x00, 0x3f, 0x3f, 0x00, 0x46, 0x66, 0x66, 0x40, 0x3f, 0x3f, 0x00, 0xaa, 0x66, 0x6a, 0xa0, 
    0x3f, 0x3f, 0x00, 0xa6, 0x00, 0x06, 0xa0, 0x3f, 0x3f, 0x00, 0xa6, 0x00, 0x06, 0xa0, 0x3f, 0x3f, 
    0x00, 0xaa, 0x66, 0x6a, 0xa0, 0x3f, 0x3f, 0x00, 0xaa, 0x66, 0x66, 0x40, 0x3f, 0x3f, 0x00, 0x43, 
    0x00, 0x00, 0x00, 0x3f, 0x3f, 0x00, 0x00, 0x00, 0x00, 0x00, 0x3f, 0x3f, 0x00, 0x00, 0x00, 0x01, 
    0x66, 0x9f, 0x16, 0x00, 0x00, 0x00, 0x00, 0x66, 0x62, 
    /* U+542F */
    0x00, 0x00, 0x00, 0x00, 0x30, 0x00, 0x00, 0x00, 0x00, 0x00, 0x00, 0x02, 0xf2, 0x00, 0x00, 0x00, 
    0x00, 0x36, 0x66, 0x66, 0xdc, 0x66, 0x66, 0x61, 0x00, 0x6d, 0x66, 0x66, 0x66, 0x66, 0x66, 0xf3, 
    0x00, 0x6a, 0x00, 0x00, 0x00, 0x00, 0x00, 0xf3, 0x00, 0x6d, 0x66, 0x66, 0x66, 0x66, 0x66, 0xf3, 
    0x00, 0x6d, 0x66, 0x66, 0x66, 0x66, 0x66, 0xf3, 0x00, 0x6a, 0x00, 0x00, 0x00, 0x00, 0x00, 0x61, 
    0x00, 0x68, 0x00, 0x00, 0x00, 0x00, 0x00, 0x00, 0x00, 0x76, 0x16, 0x66, 0x66, 0x66, 0x66, 0x61, 
    0x00, 0xa5, 0x3f, 0x66, 0x66, 0x66, 0x66, 0xf3, 0x00, 0xf3, 0x3f, 0x00, 0x00, 0x00, 0x00, 0xf3, 
    0x02, 0xf0, 0x3f, 0x00, 0x00, 0x00, 0x00, 0xf3, 0x07, 0x90, 0x3f, 0x66, 0x66, 0x66, 0x66, 0xf3, 
    0x1f, 0x30, 0x3f, 0x66, 0x66, 0x66, 0x66, 0xf3, 0x02, 0x00, 0x16, 0x00, 0x00, 0x00, 0x00, 0x61, 
    /* U+56DE */
    0x16, 0x66, 0x66, 0x66, 0x66, 0x66, 0x66, 0x13, 0xf6, 0x66, 0x66, 0x66, 0x66, 0x66, 0xf3, 0x3f, 
    0x00, 0x00, 0x00, 0x00, 0x00, 0x0f, 0x33, 0xf0, 0x04, 0x66, 0x66, 0x64, 0x00, 0xf3, 0x3f, 0x00, 
    0xaa, 0x66, 0x6a, 0xa0, 0x0f, 0x33, 0xf0, 0x0a, 0x60, 0x00, 0x6a, 0x00, 0xf3, 0x3f, 0x00, 0xa6, 
    0x00, 0x06, 0xa0, 0x0f, 0x33, 0xf0, 0x0a, 0x60, 0x00, 0x6a, 0x00, 0xf3, 0x3f, 0x00, 0xaa, 0x66, 
    0x6a, 0xa0, 0x0f, 0x33, 0xf0, 0x0a, 0xa6, 0x66, 0xaa, 0x00, 0xf3, 0x3f, 0x00, 0x43, 0x00, 0x03, 
    0x40, 0x0f, 0x33, 0xf0, 0x00, 0x00, 0x00, 0x00, 0x00, 0xf3, 0x3f, 0x66, 0x66, 0x66, 0x66, 0x66, 
    0x6f, 0x33, 0xf6, 0x66, 0x66, 0x66, 0x66, 0x66, 0xf3, 0x16, 0x00, 0x00, 0x00, 0x00, 0x00, 0x06, 
    0x10, 
    /* U+5728 */
    0x00, 0x00, 0x00, 0x41, 0x00, 0x00, 0x00, 0x00, 0x00, 0x00, 0x00, 0x0f, 0x40, 0x00, 0x00, 0x00, 
    0x00, 0x06, 0x66, 0x68, 0xf7, 0x66, 0x66, 0x66, 0x66, 0x10, 0x66, 0x66, 0xfa, 0x66, 0x66, 0x66, 
    0x66, 0x61, 0x00, 0x00, 0x4f, 0x10, 0x01, 0x60, 0x00, 0x00, 0x00, 0x00, 0x0a, 0x80, 0x00, 0x3f, 
    0x00, 0x00, 0x00, 0x00, 0x04, 0xf1, 0x00, 0x03, 0xf0, 0x00, 0x00, 0x00, 0x00, 0xd7, 0x16, 0x66, 
    0x8f, 0x66, 0x66, 0x10, 0x00, 0x7f, 0x61, 0x66, 0x68, 0xf6, 0x66, 0x61, 0x00, 0x4f, 0xd6, 0x00, 
    0x00, 0x3f, 0x00, 0x00, 0x00, 0x1f, 0x4a, 0x60, 0x00, 0x03, 0xf0, 0x00, 0x00, 0x00, 0x30, 0xa6, 
    0x00, 0x00, 0x3f, 0x00, 0x00, 0x00, 0x00, 0x0a, 0x60, 0x00, 0x03, 0xf0, 0x00, 0x00, 0x00, 0x00, 
    0xa6, 0x66, 0x66, 0x8f, 0x66, 0x66, 0x61, 0x00, 0x0a, 0x66, 0x66, 0x66, 0x66, 0x66, 0x66, 0x10, 
    0x00, 0x43, 0x00, 0x00, 0x00, 0x00, 0x00, 0x00, 
    /* U+5907 */
    0x00, 0x00, 0x04, 0x00, 0x00, 0x00, 0x00, 0x00, 0x00, 0x00, 0x04, 0xf2, 0x00, 0x00, 0x00, 0x00, 
    0x00, 0x00, 0x01, 0xfd, 0x66, 0x66, 0x66, 0x66, 0x10, 0x00, 0x00, 0xcf, 0xc6, 0x66, 0x66, 0x6f, 
    0xf1, 0x00, 0x00, 0xcc, 0x3f, 0x70, 0x00, 0x2c, 0xd2, 0x00, 0x00, 0xac, 0x00, 0x1a, 0xd6, 0x8f, 
    0x70, 0x00, 0x00, 0x02, 0x00, 0x02, 0x5f, 0x7d, 0xa2, 0x00, 0x00, 0x00, 0x46, 0xaa, 0x74, 0x00, 
    0x03, 0x8a, 0x96, 0x40, 0x06, 0x37, 0x66, 0x66, 0x66, 0x66, 0x68, 0x55, 0x00, 0x00, 0xf8, 0x66, 
    0x6f, 0x86, 0x66, 0xf3, 0x00, 0x00, 0x0f, 0x86, 0x66, 0xf8, 0x66, 0x6f, 0x30, 0x00, 0x00, 0xf8, 
    0x66, 0x6f, 0x86, 0x66, 0xf3, 0x00, 0x00, 0x0f, 0x30, 0x00, 0xf3, 0x00, 0x0f, 0x30, 0x00, 0x00, 
    0xf8, 0x66, 0x6f, 0x86, 0x66, 0xf3, 0x00, 0x00, 0x0f, 0x86, 0x66, 0x66, 0x66, 0x6f, 0x30, 0x00, 
    0x00, 0x61, 0x00, 0x00, 0x00, 0x00, 0x61, 0x00, 
    /* U+590D */
    0x00, 0x00, 0x62, 0x00, 0x00, 0x00, 0x00, 0x00, 0x00, 0x00, 0x5f, 0x66, 0x66, 0x66, 0x66, 0x66, 
    0x61, 0x00, 0x2f, 0x76, 0x66, 0x66, 0x66, 0x66, 0x66, 0x10, 0x0d, 0xc6, 0x66, 0x66, 0x66, 0x66, 
    0x63, 0x00, 0x1c, 0x6f, 0x86, 0x66, 0x66, 0x66, 0x6d, 0x60, 0x00, 0x30, 0xf8, 0x66, 0x66, 0x66, 
    0x66, 0xd6, 0x00, 0x00, 0x0f, 0x86, 0x66, 0x66, 0x66, 0x6d, 0x60, 0x00, 0x00, 0xf8, 0x66, 0x66, 
    0x66, 0x66, 0xd6, 0x00, 0x00, 0x06, 0x7f, 0x86, 0x66, 0x66, 0x66, 0x30, 0x00, 0x00, 0x0c, 0xf6, 
    0x66, 0x66, 0x66, 0x64, 0x00, 0x00, 0x3f, 0xff, 0x76, 0x66, 0x66, 0xcf, 0x60, 0x00, 0x8f, 0x81, 
    0x6d, 0x61, 0x04, 0xca, 0x30, 0x00, 0x04, 0x10, 0x00, 0x2c, 0xff, 0xf6, 0x00, 0x00, 0x00, 0x04, 
    0x6a, 0xfa, 0x74, 0x47, 0xcf, 0xca, 0x61, 0x00, 0x53, 0x20, 0x00, 0x00, 0x00, 0x03, 0x45, 0x00, 
    /* U+5931 */
    0x00, 0x00, 0x00, 0x06, 0x30, 0x00, 0x00, 0x00, 0x00, 0x04, 0x00, 0x0f, 0x60, 0x00, 0x00, 0x00, 
    0x00, 0x4d, 0x00, 0x0f, 0x60, 0x00, 0x00, 0x00, 0x00, 0xda, 0x66, 0x6f, 0xa6, 0x66, 0x66, 0x10, 
    0x07, 0xc6, 0x66, 0x6f, 0x86, 0x66, 0x66, 0x10, 0x4f, 0x00, 0x00, 0x0f, 0x30, 0x00, 0x00, 0x00, 
    0x02, 0x00, 0x00, 0x0f, 0x30, 0x00, 0x00, 0x00, 0x66, 0x66, 0x66, 0x6f, 0x86, 0x66, 0x66, 0x60, 
    0x66, 0x66, 0x66, 0x9f, 0x86, 0x66, 0x66, 0x60, 0x00, 0x00, 0x00, 0x89, 0x60, 0x00, 0x00, 0x00, 
    0x00, 0x00, 0x03, 0xf1, 0x91, 0x00, 0x00, 0x00, 0x00, 0x00, 0x0f, 0x40, 0x2a, 0x00, 0x00, 0x00, 
    0x00, 0x02, 0xf4, 0x00, 0x04, 0xc0, 0x00, 0x00, 0x00, 0x6f, 0x40, 0x00, 0x00, 0x3d, 0x40, 0x00, 
    0x7f, 0x80, 0x00, 0x00, 0x00, 0x00, 0x8d, 0x70, 0x41, 0x00, 0x00, 0x00, 0x00, 0x00, 0x01, 0x40, 
    /* U+5B58 */
    0x00, 0x00, 0x00, 0x40, 0x00, 0x00, 0x00, 0x00, 0x00, 0x00, 0x00, 0x4f, 0x00, 0x00, 0x00, 0x00, 
    0x00, 0x06, 0x66, 0x6c, 0xd6, 0x66, 0x66, 0x66, 0x66, 0x10, 0x66, 0x68, 0xf7, 0x66, 0x66, 0x66, 
    0x66, 0x61, 0x00, 0x00, 0x8a, 0x00, 0x00, 0x00, 0x00, 0x00, 0x00, 0x00, 0x2f, 0x36, 0x66, 0x66, 
    0x66, 0x66, 0x10, 0x00, 0x0a, 0x80, 0x66, 0x66, 0x66, 0x8f, 0xf2, 0x00, 0x05, 0xf6, 0x00, 0x00, 
    0x03, 0xcd, 0x50, 0x00, 0x02, 0xff, 0x60, 0x00, 0x00, 0x6c, 0x00, 0x00, 0x01, 0xf4, 0xa6, 0x66, 
    0x66, 0x6a, 0xd6, 0x66, 0x61, 0x03, 0x0a, 0x66, 0x66, 0x66, 0xad, 0x66, 0x66, 0x10, 0x00, 0xa6, 
    0x00, 0x00, 0x06, 0xa0, 0x00, 0x00, 0x00, 0x0a, 0x60, 0x00, 0x00, 0x6a, 0x00, 0x00, 0x00, 0x00, 
    0xa6, 0x00, 0x36, 0x6c, 0x80, 0x00, 0x00, 0x00, 0x04, 0x30, 0x02, 0x66, 0x50, 0x00, 0x00, 0x00, 
    /* U+5B9A */
    0x00, 0x00, 0x00, 0x00, 0x20, 0x00, 0x00, 0x00, 0x00, 0x00, 0x00, 0x00, 0x6f, 0x20, 0x00, 0x00, 
    0x00, 0x03, 0x66, 0x66, 0x66, 0xf9, 0x66, 0x66, 0x63, 0x00, 0x6d, 0x66, 0x66, 0x66, 0x66, 0x66, 
    0x6d, 0x60, 0x03, 0x40, 0x00, 0x00, 0x00, 0x00, 0x00, 0x43, 0x00, 0x66, 0x66, 0x66, 0x66, 0x66, 
    0x66, 0x66, 0x60, 0x06, 0x66, 0x66, 0x66, 0xda, 0x66, 0x66, 0x66, 0x00, 0x00, 0x14, 0x00, 0x0a, 
    0x60, 0x00, 0x00, 0x00, 0x00, 0x03, 0xd0, 0x00, 0xa6, 0x00, 0x00, 0x00, 0x00, 0x00, 0x69, 0x00, 
    0x0a, 0xa6, 0x66, 0x66, 0x00, 0x00, 0x0a, 0x70, 0x00, 0xaa, 0x66, 0x66, 0x60, 0x00, 0x01, 0xff, 
    0x10, 0x0a, 0x60, 0x00, 0x00, 0x00, 0x00, 0x78, 0x7c, 0x20, 0xa6, 0x00, 0x00, 0x00, 0x00, 0x2f, 
    0x10, 0x6f, 0xcd, 0xa6, 0x66, 0x66, 0x60, 0x1f, 0x40, 0x00, 0x03, 0x66, 0x66, 0x66, 0x65, 0x00, 
    0x30, 0x00, 0x00, 0x00, 0x00, 0x00, 0x00, 0x00, 
    /* U+5C06 */
    0x00, 0x03, 0x40, 0x00, 0x03, 0x00, 0x00, 0x00, 0x00, 0x00, 0x6a, 0x00, 0x04, 0xf2, 0x00, 0x00, 
    0x00, 0x00, 0x06, 0xa0, 0x02, 0xf9, 0x66, 0x66, 0x63, 0x00, 0x40, 0x6a, 0x04, 0xd6, 0x66, 0x66, 
    0x9f, 0x50, 0x0c, 0x86, 0xa5, 0xf2, 0xc2, 0x00, 0x6d, 0x40, 0x00, 0x02, 0x6a, 0x20, 0x03, 0xf8, 
    0xd7, 0x00, 0x00, 0x00, 0x06, 0xa2, 0x8a, 0xc8, 0x40, 0x16, 0x00, 0x00, 0x00, 0x6a, 0x05, 0x20, 
    0x00, 0x03, 0xf0, 0x00, 0x00, 0x09, 0xa0, 0x00, 0x00, 0x00, 0x3f, 0x00, 0x00, 0x06, 0xfa, 0x36, 
    0x66, 0x66, 0x68, 0xf6, 0x61, 0x04, 0xfc, 0xa3, 0x69, 0x76, 0x66, 0x8f, 0x66, 0x11, 0xf4, 0x6a, 
    0x00, 0x7c, 0x00, 0x03, 0xf0, 0x00, 0x03, 0x06, 0xa0, 0x00, 0x8c, 0x00, 0x3f, 0x00, 0x00, 0x00, 
    0x6a, 0x00, 0x00, 0x30, 0x03, 0xf0, 0x00, 0x00, 0x06, 0xa0, 0x00, 0x01, 0x66, 0xcc, 0x00, 0x00, 
    0x00, 0x34, 0x00, 0x00, 0x06, 0x66, 0x10, 0x00, 
    /* U+5C1A */
    0x00, 0x00, 0x00, 0x16, 0x00, 0x00, 0x00, 0x00, 0x20, 0x00, 0x03, 0xf0, 0x00, 0x02, 0x00, 0x05, 
    0xf5, 0x00, 0x3f, 0x00, 0x04, 0xf4, 0x00, 0x02, 0xd9, 0x03, 0xf0, 0x08, 0xf3, 0x00, 0x00, 0x00, 
    0x20, 0x3f, 0x00, 0x20, 0x00, 0x01, 0x66, 0x66, 0x68, 0xf6, 0x66, 0x66, 0x61, 0x3f, 0x66, 0x66, 
    0x66, 0x66, 0x66, 0x6f, 0x33, 0xf0, 0x06, 0x66, 0x66, 0x66, 0x00, 0xf3, 0x3f, 0x00, 0xf8, 0x66, 
    0x68, 0xf0, 0x0f, 0x33, 0xf0, 0x0f, 0x30, 0x00, 0x3f, 0x00, 0xf3, 0x3f, 0x00, 0xf3, 0x00, 0x03, 
    0xf0, 0x0f, 0x33, 0xf0, 0x0f, 0x86, 0x66, 0x8f, 0x00, 0xf3, 0x3f, 0x00, 0xf8, 0x66, 0x66, 0x60, 
    0x0f, 0x33, 0xf0, 0x06, 0x10, 0x00, 0x00, 0x00, 0xf2, 0x3f, 0x00, 0x00, 0x00, 0x01, 0x66, 0x9f, 
    0x01, 0x60, 0x00, 0x00, 0x00, 0x06, 0x66, 0x10, 
    /* U+5C31 */
    0x00, 0x00, 0x40, 0x00, 0x00, 0x41, 0x00, 0x00, 0x00, 0x00, 0x0a, 0xc0, 0x00, 0x0a, 0x32, 0x30, 
    0x00, 0x06, 0x66, 0x7c, 0x66, 0x60, 0xa3, 0x4d, 0xa0, 0x00, 0x66, 0x66, 0x66, 0x66, 0x0a, 0x30, 
    0x04, 0x00, 0x01, 0x66, 0x66, 0x66, 0x46, 0xd8, 0x66, 0x64, 0x00, 0x3f, 0x66, 0x66, 0xf6, 0x6f, 
    0xaf, 0x66, 0x40, 0x03, 0xf0, 0x00, 0x0f, 0x30, 0xf6, 0xf0, 0x00, 0x00, 0x3f, 0x66, 0x66, 0xf3, 
    0x0f, 0x4f, 0x00, 0x00, 0x01, 0x66, 0xad, 0x66, 0x13, 0xf3, 0xf0, 0x00, 0x00, 0x04, 0x06, 0xa3, 
    0x00, 0x5a, 0x3f, 0x00, 0x00, 0x00, 0xf1, 0x6a, 0x95, 0x09, 0x73, 0xf0, 0x04, 0x00, 0x48, 0x06, 
    0xa0, 0xd3, 0xf1, 0x3f, 0x00, 0xf3, 0x0d, 0x10, 0x6a, 0x03, 0x8a, 0x03, 0xf0, 0x0f, 0x10, 0x34, 
    0x6c, 0x60, 0x3f, 0x20, 0x0f, 0x79, 0xd0, 0x00, 0x46, 0x50, 0x0f, 0x60, 0x00, 0x46, 0x61, 0x00, 
    0x00, 0x00, 0x00, 0x30, 0x00, 0x00, 0x00, 0x00, 
    /* U+5DF2 */
    0x16, 0x66, 0x66, 0x66, 0x66, 0x66, 0x61, 0x01, 0x66, 0x66, 0x66, 0x66, 0x66, 0x6f, 0x30, 0x00, 
    0x00, 0x00, 0x00, 0x00, 0x00, 0xf3, 0x00, 0x44, 0x00, 0x00, 0x00, 0x00, 0x0f, 0x30, 0x0a, 0xa0, 
    0x00, 0x00, 0x00, 0x00, 0xf3, 0x00, 0xad, 0x66, 0x66, 0x66, 0x66, 0x6f, 0x30, 0x0a, 0xd6, 0x66, 
    0x66, 0x66, 0x66, 0xf3, 0x00, 0xaa, 0x00, 0x00, 0x00, 0x00, 0x06, 0x10, 0x0a, 0xa0, 0x00, 0x00, 
    0x00, 0x00, 0x01, 0x20, 0xaa, 0x00, 0x00, 0x00, 0x00, 0x00, 0x4f, 0x0a, 0xa0, 0x00, 0x00, 0x00, 
    0x00, 0x06, 0xd0, 0x7c, 0x00, 0x00, 0x00, 0x00, 0x00, 0xa9, 0x04, 0xf8, 0x66, 0x66, 0x66, 0x66, 
    0x8f, 0x40, 0x03, 0x66, 0x66, 0x66, 0x66, 0x66, 0x20, 
    /* U+5E38 */
    0x00, 0x21, 0x00, 0x16, 0x00, 0x00, 0x40, 0x00, 0x05, 0xf7, 0x03, 0xf0, 0x04, 0xda, 0x10, 0x46, 
    0x69, 0x86, 0x8f, 0x66, 0xca, 0x66, 0x4a, 0xa6, 0x66, 0x66, 0x66, 0x66, 0x66, 0xaa, 0xa6, 0x36, 
    0x66, 0x66, 0x66, 0x66, 0x36, 0xa4, 0x36, 0xd6, 0x66, 0x66, 0x66, 0xd6, 0x34, 0x00, 0x6a, 0x00, 
    0x00, 0x00, 0x0a, 0x60, 0x00, 0x06, 0xd6, 0x66, 0x66, 0x66, 0xd6, 0x00, 0x00, 0x6d, 0x66, 0x6f, 
    0x86, 0x6d, 0x60, 0x00, 0x03, 0x40, 0x00, 0xf3, 0x00, 0x43, 0x00, 0x04, 0x66, 0x66, 0x6f, 0x86, 
    0x66, 0x66, 0x00, 0xaa, 0x66, 0x66, 0xf8, 0x66, 0x68, 0xf0, 0x0a, 0x60, 0x00, 0x0f, 0x30, 0x00, 
    0x3f, 0x00, 0xa6, 0x00, 0x00, 0xf3, 0x06, 0x6c, 0x90, 0x04, 0x30, 0x00, 0x0f, 0x30, 0x56, 0x60, 
    0x00, 0x00, 0x00, 0x00, 0x61, 0x00, 0x00, 0x00, 
    /* U+5F00 */
    0x04, 0x66, 0x66, 0x66, 0x66, 0x66, 0x66, 0x63, 0x00, 0x46, 0x68, 0xf6, 0x66, 0x66, 0xf8, 0x66, 
    0x30, 0x00, 0x00, 0x3f, 0x00, 0x00, 0x0f, 0x30, 0x00, 0x00, 0x00, 0x03, 0xf0, 0x00, 0x00, 0xf3, 
    0x00, 0x00, 0x00, 0x00, 0x3f, 0x00, 0x00, 0x0f, 0x30, 0x00, 0x00, 0x00, 0x03, 0xf0, 0x00, 0x00, 
    0xf3, 0x00, 0x00, 0x16, 0x66, 0x8f, 0x66, 0x66, 0x6f, 0x86, 0x66, 0x11, 0x66, 0x68, 0xf6, 0x66, 
    0x66, 0xf8, 0x66, 0x61, 0x00, 0x00, 0x3f, 0x00, 0x00, 0x0f, 0x30, 0x00, 0x00, 0x00, 0x03, 0xf0, 
    0x00, 0x00, 0xf3, 0x00, 0x00, 0x00, 0x00, 0x79, 0x00, 0x00, 0x0f, 0x30, 0x00, 0x00, 0x00, 0x2f, 
    0x30, 0x00, 0x00, 0xf3, 0x00, 0x00, 0x00, 0x2f, 0x80, 0x00, 0x00, 0x0f, 0x30, 0x00, 0x00, 0x6f, 
    0x50, 0x00, 0x00, 0x00, 0xf3, 0x00, 0x00, 0x02, 0x10, 0x00, 0x00, 0x00, 0x06, 0x10, 0x00, 0x00, 
    /* U+5F0F */
    0x00, 0x00, 0x00, 0x00, 0x03, 0x40, 0x30, 0x00, 0x00, 0x00, 0x00, 0x00, 0x00, 0x6a, 0x0c, 0xc0, 
    0x00, 0x00, 0x00, 0x00, 0x00, 0x06, 0xa0, 0x0c, 0x80, 0x01, 0x66, 0x66, 0x66, 0x66, 0xad, 0x66, 
    0x77, 0x60, 0x16, 0x66, 0x66, 0x66, 0x6a, 0xd6, 0x66, 0x66, 0x00, 0x00, 0x00, 0x00, 0x00, 0x6a, 
    0x00, 0x00, 0x00, 0x04, 0x66, 0x66, 0x66, 0x43, 0xf0, 0x00, 0x00, 0x00, 0x46, 0x6a, 0xd6, 0x64, 
    0x3f, 0x00, 0x00, 0x00, 0x00, 0x00, 0x6a, 0x00, 0x00, 0xf2, 0x00, 0x00, 0x00, 0x00, 0x06, 0xa0, 
    0x00, 0x0f, 0x40, 0x00, 0x00, 0x00, 0x00, 0x6a, 0x00, 0x00, 0xa7, 0x00, 0x00, 0x00, 0x00, 0x06, 
    0xa0, 0x26, 0x45, 0xd0, 0x00, 0x40, 0x00, 0x01, 0x8f, 0xfa, 0x61, 0x1f, 0x40, 0x0f, 0x11, 0x9f, 
    0xc7, 0x40, 0x00, 0x00, 0x7f, 0x24, 0xf0, 0x04, 0x10, 0x00, 0x00, 0x00, 0x00, 0xcf, 0xf8, 0x00, 
    0x00, 0x00, 0x00, 0x00, 0x00, 0x00, 0x45, 0x00, 
    /* U+5F3A */
    0x16, 0x66, 0x64, 0x04, 0x66, 0x66, 0x66, 0x60, 0x01, 0x66, 0x6a, 0xa0, 0xaa, 0x66, 0x66, 0x8f, 
    0x00, 0x00, 0x00, 0x6a, 0x0a, 0x60, 0x00, 0x03, 0xf0, 0x00, 0x00, 0x06, 0xa0, 0xaa, 0x66, 0x66, 
    0x8f, 0x00, 0x04, 0x66, 0xaa, 0x0a, 0xa6, 0xad, 0x68, 0xf0, 0x00, 0xa8, 0x6a, 0xa0, 0x43, 0x06, 
    0xa0, 0x16, 0x00, 0x0f, 0x20, 0x34, 0x36, 0x66, 0xad, 0x66, 0x64, 0x00, 0xf6, 0x66, 0x36, 0xd6, 
    0x6a, 0xd6, 0x6a, 0xa0, 0x16, 0x66, 0xd6, 0x6a, 0x00, 0x6a, 0x00, 0x6a, 0x00, 0x00, 0x0a, 0x66, 
    0xd6, 0x6a, 0xd6, 0x6a, 0xa0, 0x00, 0x00, 0xa4, 0x6d, 0x66, 0xad, 0x66, 0x64, 0x00, 0x00, 0x0d, 
    0x33, 0x40, 0x06, 0xa0, 0x04, 0x00, 0x00, 0x00, 0xf3, 0x00, 0x00, 0x8d, 0x67, 0xf8, 0x00, 0x56, 
    0x9f, 0x07, 0xad, 0xff, 0xa8, 0x64, 0xf3, 0x04, 0x66, 0x10, 0x63, 0x20, 0x00, 0x00, 0x03, 0x00, 
    /* U+5F53 */
    0x00, 0x00, 0x00, 0x06, 0x10, 0x00, 0x00, 0x01, 0x00, 0x00, 0x0f, 0x30, 0x00, 0x20, 0x04, 0xf2, 
    0x00, 0x0f, 0x30, 0x02, 0xf6, 0x00, 0x7f, 0x20, 0x0f, 0x30, 0x2f, 0x80, 0x00, 0x08, 0xd0, 0x0f, 
    0x31, 0xf6, 0x00, 0x00, 0x00, 0x20, 0x0f, 0x30, 0x30, 0x00, 0x16, 0x66, 0x66, 0x6f, 0x86, 0x66, 
    0x66, 0x16, 0x66, 0x66, 0x66, 0x66, 0x66, 0x8f, 0x00, 0x00, 0x00, 0x00, 0x00, 0x00, 0x3f, 0x04, 
    0x66, 0x66, 0x66, 0x66, 0x66, 0x8f, 0x04, 0x66, 0x66, 0x66, 0x66, 0x66, 0x8f, 0x00, 0x00, 0x00, 
    0x00, 0x00, 0x00, 0x3f, 0x00, 0x00, 0x00, 0x00, 0x00, 0x00, 0x3f, 0x46, 0x66, 0x66, 0x66, 0x66, 
    0x66, 0x8f, 0x46, 0x66, 0x66, 0x66, 0x66, 0x66, 0x8f, 0x00, 0x00, 0x00, 0x00, 0x00, 0x00, 0x16, 
    /* U+5FD7 */
    0x00, 0x00, 0x00, 0x06, 0x10, 0x00, 0x00, 0x00, 0x00, 0x00, 0x00, 0x0f, 0x30, 0x00, 0x00, 0x00, 
    0x66, 0x66, 0x66, 0x6f, 0x86, 0x66, 0x66, 0x60, 0x66, 0x66, 0x66, 0x6f, 0x86, 0x66, 0x66, 0x60, 
    0x00, 0x00, 0x00, 0x0f, 0x30, 0x00, 0x00, 0x00, 0x00, 0x00, 0x00, 0x0f, 0x30, 0x00, 0x00, 0x00, 
    0x04, 0x66, 0x66, 0x6f, 0x86, 0x66, 0x64, 0x00, 0x04, 0x66, 0x66, 0x97, 0x66, 0x66, 0x64, 0x00, 
    0x04, 0x13, 0x40, 0x78, 0x00, 0x00, 0x20, 0x00, 0x0f, 0x46, 0xa0, 0x0d, 0x40, 0x00, 0x88, 0x00, 
    0x2f, 0x06, 0xa0, 0x04, 0xf1, 0x12, 0x0d, 0x40, 0x5c, 0x06, 0xa0, 0x00, 0x30, 0x4c, 0x04, 0xf0, 
    0xc7, 0x04, 0xa0, 0x00, 0x00, 0x78, 0x00, 0x30, 0x41, 0x01, 0xf7, 0x66, 0x67, 0xf4, 0x00, 0x00, 
    0x00, 0x00, 0x36, 0x66, 0x66, 0x30, 0x00, 0x00, 
    /* U+6062 */
    0x00, 0x16, 0x00, 0x00, 0x60, 0x00, 0x00, 0x00, 0x00, 0x3f, 0x00, 0x00, 0xf0, 0x00, 0x00, 0x00, 
    0x00, 0x3f, 0x01, 0x68, 0xf6, 0x66, 0x66, 0x66, 0x00, 0x3f, 0x31, 0x69, 0xd6, 0x66, 0x66, 0x66, 
    0x04, 0x6f, 0x58, 0x06, 0x90, 0x06, 0x10, 0x00, 0x0c, 0x8f, 0x04, 0x0a, 0x50, 0x0f, 0x30, 0x00, 
    0x0f, 0x4f, 0x00, 0x0f, 0x50, 0x0f, 0x30, 0x02, 0x05, 0x3f, 0x00, 0x4c, 0xf3, 0x0f, 0x30, 0x88, 
    0x00, 0x3f, 0x00, 0xd4, 0x3a, 0x3f, 0x47, 0xc0, 0x00, 0x3f, 0x05, 0xd0, 0x04, 0x7f, 0xa2, 0x00, 
    0x00, 0x3f, 0x1f, 0x30, 0x01, 0xf5, 0xf3, 0x00, 0x00, 0x3f, 0xa8, 0x00, 0x0c, 0xa0, 0x6c, 0x00, 
    0x00, 0x3f, 0x20, 0x01, 0xcc, 0x00, 0x0c, 0x80, 0x00, 0x3f, 0x00, 0x4f, 0x70, 0x00, 0x00, 0xca, 
    0x00, 0x16, 0x00, 0x03, 0x00, 0x00, 0x00, 0x04, 
    /* U+6210 */
    0x00, 0x00, 0x00, 0x00, 0x03, 0x40, 0x30, 0x00, 0x00, 0x00, 0x00, 0x00, 0x00, 0x6a, 0x09, 0xc2, 
    0x00, 0x00, 0x00, 0x00, 0x00, 0x06, 0xa0, 0x04, 0xa0, 0x00, 0x04, 0x66, 0x66, 0x66, 0xad, 0x66, 
    0x66, 0x61, 0x00, 0xaa, 0x66, 0x66, 0x6a, 0xd6, 0x66, 0x66, 0x10, 0x0a, 0x60, 0x00, 0x00, 0x6a, 
    0x00, 0x00, 0x00, 0x00, 0xaa, 0x66, 0x66, 0x03, 0xc0, 0x00, 0x40, 0x00, 0x0a, 0xa6, 0x68, 0xf0, 
    0x3f, 0x00, 0x6f, 0x00, 0x00, 0xa6, 0x00, 0x3f, 0x01, 0xf0, 0x1f, 0x50, 0x00, 0x0a, 0x50, 0x03, 
    0xf0, 0x0f, 0x4c, 0xa0, 0x00, 0x00, 0xf3, 0x00, 0x4f, 0x00, 0x9f, 0xd0, 0x03, 0x00, 0x2f, 0x06, 
    0x6c, 0x80, 0x09, 0xf3, 0x00, 0xd4, 0x08, 0x80, 0x66, 0x50, 0x08, 0xfd, 0x80, 0x0f, 0x11, 0xf1, 
    0x00, 0x00, 0x3d, 0xc2, 0x2c, 0xa9, 0xd0, 0x03, 0x00, 0x00, 0x00, 0x40, 0x00, 0x04, 0x62, 0x00, 
    /* U+6253 */
    0x00, 0x03, 0x40, 0x00, 0x00, 0x00, 0x00, 0x00, 0x00, 0x00, 0x6a, 0x00, 0x46, 0x66, 0x66, 0x66, 
    0x61, 0x00, 0x06, 0xa0, 0x04, 0x66, 0x66, 0xda, 0x66, 0x10, 0x66, 0xad, 0x66, 0x00, 0x00, 0x0a, 
    0x60, 0x00, 0x06, 0x6a, 0xd6, 0x60, 0x00, 0x00, 0xa6, 0x00, 0x00, 0x00, 0x6a, 0x00, 0x00, 0x00, 
    0x0a, 0x60, 0x00, 0x00, 0x06, 0xa0, 0x41, 0x00, 0x00, 0xa6, 0x00, 0x00, 0x00, 0x8f, 0xfc, 0x10, 
    0x00, 0x0a, 0x60, 0x00, 0x19, 0xff, 0xc0, 0x00, 0x00, 0x00, 0xa6, 0x00, 0x00, 0x40, 0x6a, 0x00, 
    0x00, 0x00, 0x0a, 0x60, 0x00, 0x00, 0x06, 0xa0, 0x00, 0x00, 0x00, 0xa6, 0x00, 0x00, 0x00, 0x6a, 
    0x00, 0x00, 0x00, 0x0a, 0x60, 0x00, 0x00, 0x06, 0xa0, 0x00, 0x00, 0x00, 0xa6, 0x00, 0x00, 0x46, 
    0xc8, 0x00, 0x01, 0x66, 0x6f, 0x40, 0x00, 0x04, 0x65, 0x00, 0x00, 0x06, 0x66, 0x40, 0x00, 0x00, 
    /* U+62E9 */
    0x00, 0x06, 0x10, 0x00, 0x00, 0x00, 0x00, 0x00, 0x00, 0x00, 0xf3, 0x04, 0x66, 0x66, 0x66, 0x66, 
    0x10, 0x00, 0x0f, 0x30, 0x4f, 0x96, 0x66, 0x69, 0xf2, 0x01, 0x66, 0xf8, 0x61, 0x4f, 0x20, 0x02, 
    0xf6, 0x00, 0x16, 0x6f, 0x86, 0x10, 0x4f, 0x66, 0xf5, 0x00, 0x00, 0x00, 0xf3, 0x00, 0x02, 0x8f, 
    0xf8, 0x00, 0x00, 0x00, 0x0f, 0x30, 0x8d, 0xf8, 0x97, 0x9f, 0x95, 0x00, 0x00, 0xf3, 0x34, 0x30, 
    0x0a, 0x60, 0x03, 0x50, 0x00, 0x1f, 0xf6, 0x36, 0x66, 0xda, 0x66, 0x63, 0x01, 0xca, 0xf3, 0x03, 
    0x66, 0x6d, 0xa6, 0x66, 0x30, 0x03, 0x0f, 0x30, 0x00, 0x00, 0xa6, 0x00, 0x00, 0x00, 0x00, 0xf3, 
    0x36, 0x66, 0x6d, 0xa6, 0x66, 0x61, 0x00, 0x0f, 0x33, 0x66, 0x66, 0xda, 0x66, 0x66, 0x10, 0x00, 
    0xf2, 0x00, 0x00, 0x0a, 0x60, 0x00, 0x00, 0x06, 0x8f, 0x00, 0x00, 0x00, 0xa6, 0x00, 0x00, 0x00, 
    0x66, 0x30, 0x00, 0x00, 0x04, 0x30, 0x00, 0x00, 
    /* U+6309 */
    0x00, 0x16, 0x00, 0x00, 0x00, 0x40, 0x00, 0x00, 0x00, 0x03, 0xf0, 0x00, 0x00, 0x0f, 0x50, 0x00, 
    0x00, 0x00, 0x3f, 0x00, 0x46, 0x66, 0xaa, 0x66, 0x64, 0x00, 0x68, 0xf6, 0x4a, 0xa6, 0x66, 0x66, 
    0x6a, 0xa0, 0x06, 0x8f, 0x64, 0xa6, 0x03, 0x10, 0x00, 0x6a, 0x00, 0x03, 0xf0, 0x04, 0x30, 0xc6, 
    0x00, 0x03, 0x40, 0x00, 0x3f, 0x00, 0x00, 0x2f, 0x00, 0x00, 0x00, 0x00, 0x03, 0xf5, 0x36, 0x6a, 
    0xd6, 0x66, 0x66, 0x61, 0x18, 0xcf, 0xa3, 0x68, 0xf6, 0x66, 0x6f, 0x86, 0x10, 0x65, 0xf0, 0x00, 
    0xa6, 0x00, 0x02, 0xf0, 0x00, 0x00, 0x3f, 0x00, 0x4f, 0x40, 0x00, 0xa8, 0x00, 0x00, 0x03, 0xf0, 
    0x00, 0x4a, 0xd4, 0x6f, 0x00, 0x00, 0x00, 0x3f, 0x00, 0x00, 0x02, 0xff, 0x80, 0x00, 0x00, 0x03, 
    0xf0, 0x00, 0x06, 0xf9, 0x4a, 0xc3, 0x00, 0x06, 0x8f, 0x04, 0x9f, 0x81, 0x00, 0x04, 0xf7, 0x00, 
    0x66, 0x20, 0x43, 0x00, 0x00, 0x00, 0x00, 0x30, 
    /* U+6362 */
    0x00, 0x16, 0x00, 0x00, 0x05, 0x00, 0x00, 0x00, 0x00, 0x03, 0xf0, 0x00, 0x08, 0xc6, 0x66, 0x61, 
    0x00, 0x16, 0x8f, 0x63, 0x04, 0x96, 0x66, 0xcf, 0x10, 0x01, 0x68, 0xf6, 0x32, 0xa0, 0x00, 0x4f, 
    0x20, 0x00, 0x00, 0x3f, 0x02, 0xf7, 0x66, 0x7f, 0x96, 0x61, 0x00, 0x03, 0xf0, 0x09, 0xd6, 0x6d, 
    0x86, 0x6f, 0x30, 0x00, 0x3f, 0x22, 0x6a, 0x00, 0xa3, 0x00, 0xf3, 0x00, 0x04, 0xfa, 0x06, 0xa0, 
    0x0a, 0x30, 0x0f, 0x30, 0x1c, 0xaf, 0x00, 0x6a, 0x00, 0xa3, 0x00, 0xf3, 0x00, 0x23, 0xf0, 0x6a, 
    0xd6, 0x6f, 0x86, 0x6f, 0x83, 0x00, 0x3f, 0x06, 0x66, 0x68, 0xf9, 0x66, 0x66, 0x30, 0x03, 0xf0, 
    0x00, 0x00, 0xa7, 0xa0, 0x00, 0x00, 0x00, 0x3f, 0x00, 0x03, 0xc8, 0x02, 0xa3, 0x00, 0x01, 0x69, 
    0xa0, 0x6d, 0xa3, 0x00, 0x01, 0xaa, 0x50, 0x16, 0x61, 0x04, 0x10, 0x00, 0x00, 0x00, 0x24, 0x00, 
    /* U+65B0 */
    0x00, 0x00, 0x40, 0x00, 0x00, 0x00, 0x00, 0x00, 0x00, 0x00, 0x0d, 0x50, 0x00, 0x00, 0x00, 0x02, 
    0x30, 0x04, 0x66, 0xac, 0x66, 0x33, 0x68, 0xaf, 0xc7, 0x00, 0x4a, 0x66, 0x67, 0xa3, 0x6d, 0x53, 
    0x00, 0x00, 0x00, 0x8c, 0x00, 0xc7, 0x06, 0xa0, 0x00, 0x00, 0x01, 0x66, 0xd6, 0xcc, 0x66, 0x6a, 
    0x00, 0x00, 0x00, 0x16, 0x66, 0xda, 0x66, 0x66, 0xd6, 0x66, 0x66, 0x30, 0x00, 0x0a, 0x60, 0x00, 
    0x6d, 0x66, 0xf8, 0x63, 0x06, 0x66, 0xda, 0x66, 0x36, 0xa0, 0x0f, 0x30, 0x00, 0x66, 0x6d, 0xa6, 
    0x63, 0x78, 0x00, 0xf3, 0x00, 0x00, 0x40, 0xa6, 0x30, 0x0a, 0x60, 0x0f, 0x30, 0x00, 0xcc, 0x0a, 
    0x67, 0xc2, 0xf2, 0x00, 0xf3, 0x00, 0x04, 0x00, 0xa6, 0x03, 0x6a, 0x00, 0x0f, 0x30, 0x00, 0x04, 
    0x6f, 0x50, 0x2f, 0x20, 0x00, 0xf3, 0x00, 0x00, 0x46, 0x50, 0x00, 0x30, 0x00, 0x06, 0x10, 0x00, 
    /* U+65E0 */
    0x04, 0x66, 0x66, 0x66, 0x66, 0x66, 0x64, 0x00, 0x46, 0x66, 0x6a, 0xd6, 0x66, 0x66, 0x40, 0x00, 
    0x00, 0x00, 0x69, 0x00, 0x00, 0x00, 0x00, 0x00, 0x00, 0x07, 0x60, 0x00, 0x00, 0x00, 0x00, 0x00, 
    0x00, 0xa6, 0x00, 0x00, 0x00, 0x06, 0x66, 0x66, 0x6d, 0x96, 0x66, 0x66, 0x66, 0x66, 0x66, 0x68, 
    0xf6, 0x66, 0x66, 0x66, 0x60, 0x00, 0x00, 0x6a, 0x06, 0x10, 0x00, 0x00, 0x00, 0x00, 0x1f, 0x30, 
    0xf3, 0x00, 0x00, 0x00, 0x00, 0x0a, 0x90, 0x0f, 0x30, 0x00, 0x04, 0x00, 0x08, 0xc0, 0x00, 0xf3, 
    0x00, 0x01, 0xf0, 0x1c, 0xa0, 0x00, 0x0f, 0x30, 0x00, 0x3f, 0x8f, 0x60, 0x00, 0x00, 0xac, 0x66, 
    0x6c, 0x94, 0x10, 0x00, 0x00, 0x00, 0x56, 0x66, 0x50, 
    /* U+65E5 */
    0x66, 0x66, 0x66, 0x66, 0x66, 0x6f, 0x86, 0x66, 0x66, 0x66, 0x8f, 0xf3, 0x00, 0x00, 0x00, 0x03, 
    0xff, 0x30, 0x00, 0x00, 0x00, 0x3f, 0xf3, 0x00, 0x00, 0x00, 0x03, 0xff, 0x30, 0x00, 0x00, 0x00, 
    0x3f, 0xf8, 0x66, 0x66, 0x66, 0x68, 0xff, 0x86, 0x66, 0x66, 0x66, 0x8f, 0xf3, 0x00, 0x00, 0x00, 
    0x03, 0xff, 0x30, 0x00, 0x00, 0x00, 0x3f, 0xf3, 0x00, 0x00, 0x00, 0x03, 0xff, 0x30, 0x00, 0x00, 
    0x00, 0x3f, 0xf8, 0x66, 0x66, 0x66, 0x68, 0xff, 0x86, 0x66, 0x66, 0x66, 0x8f, 0x61, 0x00, 0x00, 
    0x00, 0x01, 0x60, 
    /* U+65F6 */
    0x00, 0x00, 0x00, 0x00, 0x00, 0x01, 0x60, 0x00, 0x46, 0x66, 0x64, 0x00, 0x00, 0x03, 0xf0, 0x00, 
    0xaa, 0x66, 0xaa, 0x00, 0x00, 0x03, 0xf0, 0x00, 0xa6, 0x00, 0x6a, 0x46, 0x66, 0x68, 0xf6, 0x61, 
    0xa6, 0x00, 0x6a, 0x46, 0x66, 0x68, 0xf6, 0x61, 0xaa, 0x66, 0xaa, 0x03, 0x00, 0x03, 0xf0, 0x00, 
    0xaa, 0x66, 0xaa, 0x0d, 0x40, 0x03, 0xf0, 0x00, 0xa6, 0x00, 0x6a, 0x04, 0xd0, 0x03, 0xf0, 0x00, 
    0xa6, 0x00, 0x6a, 0x00, 0xd3, 0x03, 0xf0, 0x00, 0xa6, 0x00, 0x6a, 0x00, 0x6a, 0x03, 0xf0, 0x00, 
    0xa6, 0x00, 0x6a, 0x00, 0x01, 0x03, 0xf0, 0x00, 0xaa, 0x66, 0xaa, 0x00, 0x00, 0x03, 0xf0, 0x00, 
    0xaa, 0x66, 0xaa, 0x00, 0x00, 0x03, 0xf0, 0x00, 0x43, 0x00, 0x34, 0x00, 0x46, 0x6a, 0xc0, 0x00, 
    0x00, 0x00, 0x00, 0x00, 0x46, 0x66, 0x00, 0x00, 
    /* U+662F */
    0x00, 0x04, 0x66, 0x66, 0x66, 0x66, 0x66, 0x00, 0x00, 0x00, 0xaa, 0x66, 0x66, 0x66, 0x68, 0xf0, 
    0x00, 0x00, 0x0a, 0xa6, 0x66, 0x66, 0x66, 0x8f, 0x00, 0x00, 0x00, 0xaa, 0x66, 0x66, 0x66, 0x68, 
    0xf0, 0x00, 0x00, 0x0a, 0xa6, 0x66, 0x66, 0x66, 0x8f, 0x00, 0x00, 0x00, 0xaa, 0x66, 0x66, 0x66, 
    0x68, 0xf0, 0x00, 0x00, 0x04, 0x30, 0x00, 0x00, 0x00, 0x16, 0x00, 0x00, 0x66, 0x66, 0x66, 0x66, 
    0x66, 0x66, 0x66, 0x60, 0x06, 0x66, 0xd7, 0x66, 0xda, 0x66, 0x66, 0x66, 0x00, 0x00, 0x3f, 0x00, 
    0x0a, 0xa6, 0x66, 0x66, 0x00, 0x00, 0x08, 0xc0, 0x00, 0xaa, 0x66, 0x66, 0x60, 0x00, 0x02, 0xfc, 
    0x91, 0x0a, 0x60, 0x00, 0x00, 0x00, 0x00, 0xd5, 0x08, 0xfa, 0xda, 0x66, 0x66, 0x66, 0x11, 0xc8, 
    0x00, 0x01, 0x46, 0x66, 0x66, 0x66, 0x60, 0x04, 0x00, 0x00, 0x00, 0x00, 0x00, 0x00, 0x00, 0x00, 
    /* U+6682 */
    0x00, 0x03, 0x20, 0x00, 0x00, 0x00, 0x00, 0x00, 0x00, 0x00, 0x97, 0x00, 0x00, 0x00, 0x00, 0x02, 
    0x30, 0x16, 0x6f, 0x86, 0x66, 0x34, 0x69, 0xaf, 0xc7, 0x01, 0x6c, 0xc6, 0x66, 0x63, 0xaa, 0x43, 
    0x00, 0x00, 0x00, 0xf3, 0x34, 0x00, 0x0a, 0x60, 0x00, 0x00, 0x00, 0x5f, 0x6a, 0xd6, 0x61, 0xaa, 
    0x66, 0x66, 0x61, 0x03, 0x66, 0xad, 0x66, 0x1f, 0x86, 0x8f, 0x66, 0x11, 0x66, 0x6a, 0xd6, 0x64, 
    0xf0, 0x03, 0xf0, 0x00, 0x16, 0x66, 0xad, 0x66, 0xd5, 0x00, 0x3f, 0x00, 0x00, 0x00, 0x4a, 0xd6, 
    0x6a, 0x66, 0x68, 0xf0, 0x00, 0x00, 0x0a, 0xa6, 0x66, 0x66, 0x66, 0x8f, 0x00, 0x00, 0x00, 0xaa, 
    0x66, 0x66, 0x66, 0x68, 0xf0, 0x00, 0x00, 0x0a, 0xa6, 0x66, 0x66, 0x66, 0x8f, 0x00, 0x00, 0x00, 
    0xa6, 0x00, 0x00, 0x00, 0x03, 0xf0, 0x00, 0x00, 0x0a, 0xa6, 0x66, 0x66, 0x66, 0x8f, 0x00, 0x00, 
    0x00, 0xaa, 0x66, 0x66, 0x66, 0x68, 0xf0, 0x00, 0x00, 0x04, 0x30, 0x00, 0x00, 0x00, 0x16, 0x00, 
    0x00, 
    /* U+6709 */
    0x00, 0x00, 0x00, 0x14, 0x00, 0x00, 0x00, 0x00, 0x00, 0x00, 0x00, 0x08, 0xa0, 0x00, 0x00, 0x00, 
    0x00, 0x06, 0x66, 0x66, 0xf9, 0x66, 0x66, 0x66, 0x66, 0x10, 0x66, 0x66, 0xdc, 0x66, 0x66, 0x66, 
    0x66, 0x61, 0x00, 0x00, 0x3f, 0x30, 0x00, 0x00, 0x00, 0x00, 0x00, 0x00, 0x0f, 0xf6, 0x66, 0x66, 
    0x66, 0x61, 0x00, 0x00, 0x0c, 0xf8, 0x66, 0x66, 0x66, 0x6f, 0x30, 0x00, 0x0c, 0x8f, 0x86, 0x66, 
    0x66, 0x66, 0xf3, 0x00, 0x1c, 0x80, 0xf8, 0x66, 0x66, 0x66, 0x6f, 0x30, 0x00, 0x40, 0x0f, 0x30, 
    0x00, 0x00, 0x00, 0xf3, 0x00, 0x00, 0x00, 0xf8, 0x66, 0x66, 0x66, 0x6f, 0x30, 0x00, 0x00, 0x0f, 
    0x86, 0x66, 0x66, 0x66, 0xf3, 0x00, 0x00, 0x00, 0xf3, 0x00, 0x00, 0x00, 0x0f, 0x30, 0x00, 0x00, 
    0x0f, 0x30, 0x00, 0x16, 0x68, 0xf1, 0x00, 0x00, 0x00, 0x61, 0x00, 0x01, 0x66, 0x63, 0x00, 0x00, 
    /* U+672A */
    0x00, 0x00, 0x00, 0x01, 0x60, 0x00, 0x00, 0x00, 0x00, 0x00, 0x00, 0x03, 0xf0, 0x00, 0x00, 0x00, 
    0x01, 0x66, 0x66, 0x68, 0xf6, 0x66, 0x66, 0x61, 0x01, 0x66, 0x66, 0x68, 0xf6, 0x66, 0x66, 0x61, 
    0x00, 0x00, 0x00, 0x03, 0xf0, 0x00, 0x00, 0x00, 0x00, 0x00, 0x00, 0x03, 0xf0, 0x00, 0x00, 0x00, 
    0x06, 0x66, 0x66, 0x68, 0xf6, 0x66, 0x66, 0x66, 0x06, 0x66, 0x66, 0x6f, 0xfc, 0x66, 0x66, 0x66, 
    0x00, 0x00, 0x00, 0x5c, 0xf9, 0x40, 0x00, 0x00, 0x00, 0x00, 0x06, 0x83, 0xf0, 0xa3, 0x00, 0x00, 
    0x00, 0x00, 0x98, 0x03, 0xf0, 0x0c, 0x40, 0x00, 0x00, 0x3d, 0x60, 0x03, 0xf0, 0x00, 0xa9, 0x10, 
    0x09, 0xd3, 0x00, 0x03, 0xf0, 0x00, 0x05, 0xf8, 0x03, 0x00, 0x00, 0x03, 0xf0, 0x00, 0x00, 0x03, 
    0x00, 0x00, 0x00, 0x01, 0x60, 0x00, 0x00, 0x00, 
    /* U+6765 */
    0x00, 0x00, 0x00, 0x00, 0x61, 0x00, 0x00, 0x00, 0x00, 0x00, 0x00, 0x00, 0x0f, 0x30, 0x00, 0x00, 
    0x00, 0x01, 0x66, 0x66, 0x66, 0xf8, 0x66, 0x66, 0x61, 0x00, 0x16, 0x97, 0x66, 0x6f, 0x86, 0x67, 
    0x96, 0x10, 0x00, 0x07, 0xc2, 0x00, 0xf3, 0x00, 0xc8, 0x00, 0x00, 0x00, 0x08, 0xc0, 0x0f, 0x30, 
    0xc8, 0x00, 0x00, 0x00, 0x00, 0x02, 0x00, 0xf3, 0x04, 0x00, 0x00, 0x00, 0x66, 0x66, 0x66, 0x6f, 
    0x86, 0x66, 0x66, 0x60, 0x06, 0x66, 0x66, 0x6c, 0xfc, 0x66, 0x66, 0x66, 0x00, 0x00, 0x00, 0x04, 
    0x8f, 0xc4, 0x00, 0x00, 0x00, 0x00, 0x00, 0x07, 0x80, 0xf3, 0xa4, 0x00, 0x00, 0x00, 0x00, 0x0a, 
    0x80, 0x0f, 0x30, 0xc5, 0x00, 0x00, 0x00, 0x4f, 0x60, 0x00, 0xf3, 0x00, 0x8a, 0x10, 0x00, 0xad, 
    0x30, 0x00, 0x0f, 0x30, 0x00, 0x4f, 0x80, 0x03, 0x00, 0x00, 0x00, 0xf3, 0x00, 0x00, 0x03, 0x00, 
    0x00, 0x00, 0x00, 0x06, 0x10, 0x00, 0x00, 0x00, 
    /* U+6A21 */
    0x00, 0x06, 0x10, 0x00, 0x34, 0x00, 0x43, 0x00, 0x00, 0x00, 0xf3, 0x00, 0x06, 0xa0, 0x0a, 0x60, 
    0x00, 0x00, 0x0f, 0x30, 0x66, 0xad, 0x66, 0xda, 0x66, 0x10, 0x00, 0xf3, 0x06, 0x6a, 0xd6, 0x6d, 
    0xa6, 0x61, 0x16, 0x6f, 0x86, 0x10, 0x6a, 0x00, 0xa6, 0x00, 0x01, 0x68, 0xf8, 0x63, 0x6a, 0xd6, 
    0x6d, 0xa6, 0x10, 0x00, 0x7f, 0x30, 0x3f, 0x66, 0x66, 0x66, 0xf3, 0x00, 0x0d, 0xf8, 0x03, 0xf6, 
    0x66, 0x66, 0x6f, 0x30, 0x04, 0x9f, 0x5c, 0x4f, 0x66, 0x66, 0x66, 0xf3, 0x00, 0xa4, 0xf3, 0x24, 
    0xf6, 0x66, 0x66, 0x6f, 0x30, 0x3c, 0x0f, 0x30, 0x16, 0x66, 0xda, 0x66, 0x61, 0x00, 0x20, 0xf3, 
    0x16, 0x66, 0x6f, 0x86, 0x66, 0x61, 0x00, 0x0f, 0x31, 0x66, 0x69, 0xfd, 0x66, 0x66, 0x10, 0x00, 
    0xf3, 0x00, 0x04, 0xf4, 0x49, 0x10, 0x00, 0x00, 0x0f, 0x33, 0x7d, 0x81, 0x00, 0x2a, 0x95, 0x00, 
    0x00, 0x61, 0x24, 0x00, 0x00, 0x00, 0x01, 0x40, 
    /* U+6B21 */
    0x00, 0x00, 0x00, 0x00, 0x40, 0x00, 0x00, 0x00, 0x00, 0x20, 0x00, 0x00, 0x4d, 0x00, 0x00, 0x00, 
    0x00, 0x06, 0xc0, 0x00, 0x0a, 0x96, 0x66, 0x66, 0x63, 0x00, 0x08, 0xc0, 0x03, 0xd6, 0x66, 0x66, 
    0x6f, 0x50, 0x00, 0x0c, 0x60, 0xa4, 0x03, 0x40, 0x04, 0xf0, 0x00, 0x00, 0x00, 0x4d, 0x00, 0x6a, 
    0x00, 0xc8, 0x00, 0x00, 0x00, 0x20, 0x20, 0x07, 0xd0, 0x03, 0x10, 0x00, 0x00, 0x6c, 0x00, 0x00, 
    0xcf, 0x10, 0x00, 0x00, 0x00, 0x0f, 0x30, 0x00, 0x1f, 0x86, 0x00, 0x00, 0x00, 0x06, 0xa0, 0x00, 
    0x08, 0x81, 0xf0, 0x00, 0x00, 0x00, 0xf2, 0x00, 0x03, 0xf1, 0x07, 0x80, 0x00, 0x00, 0x78, 0x00, 
    0x02, 0xf4, 0x00, 0x0c, 0x40, 0x00, 0x0f, 0x10, 0x05, 0xf4, 0x00, 0x00, 0x2f, 0x60, 0x00, 0x20, 
    0x2a, 0xc2, 0x00, 0x00, 0x00, 0x2c, 0xa0, 0x00, 0x00, 0x40, 0x00, 0x00, 0x00, 0x00, 0x04, 0x00, 
    /* U+6B63 */
    0x03, 0x66, 0x66, 0x66, 0x66, 0x66, 0x66, 0x64, 0x00, 0x36, 0x66, 0x66, 0x6a, 0xf6, 0x66, 0x66, 
    0x40, 0x00, 0x00, 0x00, 0x00, 0x6f, 0x00, 0x00, 0x00, 0x00, 0x00, 0x44, 0x00, 0x06, 0xf0, 0x00, 
    0x00, 0x00, 0x00, 0x0a, 0xa0, 0x00, 0x6f, 0x00, 0x00, 0x00, 0x00, 0x00, 0xaa, 0x00, 0x06, 0xf0, 
    0x00, 0x00, 0x00, 0x00, 0x0a, 0xa0, 0x00, 0x6f, 0x66, 0x66, 0x61, 0x00, 0x00, 0xaa, 0x00, 0x06, 
    0xf6, 0x66, 0x66, 0x10, 0x00, 0x0a, 0xa0, 0x00, 0x6f, 0x00, 0x00, 0x00, 0x00, 0x00, 0xaa, 0x00, 
    0x06, 0xf0, 0x00, 0x00, 0x00, 0x00, 0x0a, 0xa0, 0x00, 0x6f, 0x00, 0x00, 0x00, 0x00, 0x00, 0xaa, 
    0x00, 0x06, 0xf0, 0x00, 0x00, 0x00, 0x16, 0x6d, 0xd6, 0x66, 0xaf, 0x66, 0x66, 0x66, 0x11, 0x66, 
    0x66, 0x66, 0x66, 0x66, 0x66, 0x66, 0x61, 
    /* U+6CA1 */
    0x00, 0x30, 0x00, 0x00, 0x00, 0x00, 0x00, 0x00, 0x00, 0x4f, 0x60, 0x00, 0x46, 0x66, 0x66, 0x40, 
    0x00, 0x00, 0x4f, 0x60, 0x0a, 0xa6, 0x66, 0xaa, 0x00, 0x00, 0x00, 0x20, 0x00, 0xa6, 0x00, 0x06, 
    0xa0, 0x00, 0x04, 0x00, 0x00, 0x2f, 0x10, 0x00, 0x4f, 0x66, 0x10, 0xdc, 0x10, 0x5f, 0x40, 0x00, 
    0x00, 0x56, 0x61, 0x00, 0xaf, 0x02, 0x20, 0x00, 0x00, 0x00, 0x00, 0x00, 0x00, 0x30, 0x06, 0x66, 
    0x66, 0x66, 0x64, 0x00, 0x00, 0x04, 0x00, 0xad, 0x66, 0x66, 0x6f, 0x80, 0x00, 0x04, 0xf0, 0x01, 
    0xf3, 0x00, 0x06, 0xf0, 0x00, 0x00, 0x89, 0x00, 0x04, 0xf3, 0x07, 0xf2, 0x00, 0x00, 0x0f, 0x40, 
    0x00, 0x04, 0xfd, 0xa1, 0x00, 0x00, 0x05, 0xf0, 0x00, 0x02, 0x8f, 0xdf, 0x40, 0x00, 0x00, 0xd8, 
    0x02, 0x7d, 0xd6, 0x10, 0x49, 0xf9, 0x50, 0x02, 0x20, 0x05, 0x10, 0x00, 0x00, 0x00, 0x44, 0x00, 
    /* U+6D88 */
    0x00, 0x20, 0x00, 0x20, 0x00, 0x61, 0x00, 0x20, 0x04, 0xf5, 0x04, 0xc0, 0x00, 0xf3, 0x02, 0xf6, 
    0x00, 0x4f, 0x60, 0x99, 0x00, 0xf3, 0x1f, 0x50, 0x00, 0x02, 0x00, 0x0f, 0x50, 0xf3, 0x03, 0x00, 
    0x04, 0x00, 0x00, 0x02, 0x00, 0xf3, 0x00, 0x00, 0x06, 0xd6, 0x03, 0x66, 0x66, 0xf8, 0x66, 0x63, 
    0x00, 0x04, 0x06, 0xd6, 0x66, 0x66, 0x66, 0xd6, 0x00, 0x21, 0x06, 0xd6, 0x66, 0x66, 0x66, 0xd6, 
    0x00, 0x7a, 0x06, 0xd6, 0x66, 0x66, 0x66, 0xd6, 0x00, 0xc5, 0x06, 0xd6, 0x66, 0x66, 0x66, 0xd6, 
    0x01, 0xf2, 0x06, 0xd6, 0x66, 0x66, 0x66, 0xd6, 0x04, 0xf0, 0x06, 0xa0, 0x00, 0x00, 0x00, 0xa6, 
    0x09, 0x90, 0x06, 0xa0, 0x00, 0x16, 0x66, 0xf4, 0x02, 0x30, 0x03, 0x40, 0x00, 0x06, 0x66, 0x40, 
    /* U+73B0 */
    0x16, 0x66, 0x66, 0x36, 0x66, 0x66, 0x66, 0x60, 0x01, 0x66, 0xf8, 0x63, 0xf8, 0x66, 0x66, 0x8f, 
    0x00, 0x00, 0x0f, 0x30, 0x0f, 0x30, 0x43, 0x03, 0xf0, 0x00, 0x00, 0xf3, 0x00, 0xf3, 0x0a, 0x60, 
    0x3f, 0x00, 0x00, 0x0f, 0x30, 0x0f, 0x30, 0xa6, 0x03, 0xf0, 0x00, 0x66, 0xf8, 0x61, 0xf3, 0x0a, 
    0x60, 0x3f, 0x00, 0x06, 0x6f, 0x86, 0x1f, 0x30, 0xa6, 0x03, 0xf0, 0x00, 0x00, 0xf3, 0x00, 0xf3, 
    0x0c, 0x40, 0x3f, 0x00, 0x00, 0x0f, 0x30, 0x0f, 0x30, 0xf8, 0x13, 0xf0, 0x00, 0x00, 0xf3, 0x00, 
    0xf3, 0x4d, 0xf3, 0x16, 0x00, 0x00, 0x0f, 0x43, 0x46, 0x2d, 0x4f, 0x30, 0x04, 0x01, 0x8a, 0xfd, 
    0xa4, 0x09, 0xa0, 0xf3, 0x00, 0xf2, 0x05, 0x30, 0x00, 0x1c, 0xa0, 0x0f, 0x30, 0x2f, 0x00, 0x00, 
    0x00, 0x6f, 0x60, 0x00, 0xd9, 0x69, 0xa0, 0x00, 0x00, 0x04, 0x10, 0x00, 0x01, 0x66, 0x50, 0x00, 
    /* U+7528 */
    0x03, 0x66, 0x66, 0x66, 0x66, 0x66, 0x66, 0x10, 0x6d, 0x66, 0x66, 0xda, 0x66, 0x66, 0xf3, 0x06, 
    0xa0, 0x00, 0x0a, 0x60, 0x00, 0x0f, 0x30, 0x6a, 0x00, 0x00, 0xa6, 0x00, 0x00, 0xf3, 0x06, 0xd6, 
    0x66, 0x6d, 0xa6, 0x66, 0x6f, 0x30, 0x6d, 0x66, 0x66, 0xda, 0x66, 0x66, 0xf3, 0x06, 0xa0, 0x00, 
    0x0a, 0x60, 0x00, 0x0f, 0x30, 0x6a, 0x00, 0x00, 0xa6, 0x00, 0x00, 0xf3, 0x06, 0xd6, 0x66, 0x6d, 
    0xa6, 0x66, 0x6f, 0x30, 0xaa, 0x66, 0x66, 0xda, 0x66, 0x66, 0xf3, 0x0f, 0x50, 0x00, 0x0a, 0x60, 
    0x00, 0x0f, 0x34, 0xf1, 0x00, 0x00, 0xa6, 0x00, 0x00, 0xf3, 0xd7, 0x00, 0x00, 0x0a, 0x60, 0x66, 
    0x7f, 0x13, 0x00, 0x00, 0x00, 0x43, 0x06, 0x66, 0x30, 
    /* U+7535 */
    0x00, 0x00, 0x00, 0x43, 0x00, 0x00, 0x00, 0x00, 0x00, 0x00, 0x0a, 0x60, 0x00, 0x00, 0x00, 0x36, 
    0x66, 0x66, 0xda, 0x66, 0x66, 0x61, 0x06, 0xd6, 0x66, 0x6d, 0xa6, 0x66, 0x6f, 0x30, 0x6a, 0x00, 
    0x00, 0xa6, 0x00, 0x00, 0xf3, 0x06, 0xa0, 0x00, 0x0a, 0x60, 0x00, 0x0f, 0x30, 0x6d, 0x66, 0x66, 
    0xda, 0x66, 0x66, 0xf3, 0x06, 0xd6, 0x66, 0x6d, 0xa6, 0x66, 0x6f, 0x30, 0x6a, 0x00, 0x00, 0xa6, 
    0x00, 0x00, 0xf3, 0x06, 0xa0, 0x00, 0x0a, 0x60, 0x00, 0x0f, 0x30, 0x6d, 0x66, 0x66, 0xda, 0x66, 
    0x66, 0xf3, 0x06, 0xd6, 0x66, 0x6d, 0xa6, 0x66, 0x66, 0x33, 0x34, 0x00, 0x00, 0xa6, 0x00, 0x00, 
    0x04, 0xf0, 0x00, 0x00, 0x08, 0xc6, 0x66, 0x66, 0xd8, 0x00, 0x00, 0x00, 0x04, 0x66, 0x66, 0x64, 
    0x00, 
    /* U+754C */
    0x04, 0x66, 0x66, 0x66, 0x66, 0x66, 0x64, 0x00, 0x0a, 0xa6, 0x66, 0x6f, 0x86, 0x66, 0xaa, 0x00, 
    0x0a, 0x60, 0x00, 0x0f, 0x30, 0x00, 0x6a, 0x00, 0x0a, 0xa6, 0x66, 0x6f, 0x86, 0x66, 0xaa, 0x00, 
    0x0a, 0xa6, 0x66, 0x6f, 0x86, 0x66, 0xaa, 0x00, 0x0a, 0x60, 0x00, 0x0f, 0x30, 0x00, 0x6a, 0x00, 
    0x0a, 0xa6, 0x66, 0x6f, 0x86, 0x66, 0xaa, 0x00, 0x0a, 0xa6, 0x69, 0xf9, 0xf9, 0x66, 0xaa, 0x00, 
    0x04, 0x30, 0x6d, 0x30, 0x2c, 0x40, 0x34, 0x00, 0x00, 0x4c, 0xf2, 0x00, 0x02, 0xf9, 0x20, 0x00, 
    0x7f, 0x81, 0xf3, 0x00, 0x03, 0xf1, 0x8c, 0x50, 0x31, 0x01, 0xf0, 0x00, 0x03, 0xf0, 0x01, 0x40, 
    0x00, 0x1c, 0x70, 0x00, 0x03, 0xf0, 0x00, 0x00, 0x07, 0xf7, 0x00, 0x00, 0x03, 0xf0, 0x00, 0x00, 
    0x04, 0x10, 0x00, 0x00, 0x01, 0x60, 0x00, 0x00, 
    /* U+7559 */
    0x00, 0x00, 0x03, 0x30, 0x00, 0x00, 0x00, 0x01, 0x6a, 0xcf, 0xc5, 0x46, 0x66, 0x66, 0x61, 0x3f, 
    0x53, 0x20, 0x04, 0x6f, 0x66, 0x6f, 0x33, 0xf0, 0x06, 0x80, 0x03, 0xf0, 0x00, 0xf3, 0x3f, 0x02, 
    0x5f, 0x40, 0xc7, 0x00, 0x0f, 0x34, 0xff, 0xf9, 0x6f, 0xd9, 0x06, 0x69, 0xf0, 0x08, 0x40, 0x00, 
    0x44, 0x00, 0x46, 0x61, 0x00, 0x36, 0x66, 0x66, 0x66, 0x66, 0x66, 0x30, 0x06, 0xd6, 0x66, 0x6f, 
    0x86, 0x66, 0xd6, 0x00, 0x6a, 0x00, 0x00, 0xf3, 0x00, 0x0a, 0x60, 0x06, 0xd6, 0x66, 0x6f, 0x86, 
    0x66, 0xd6, 0x00, 0x6d, 0x66, 0x66, 0xf8, 0x66, 0x6d, 0x60, 0x06, 0xa0, 0x00, 0x0f, 0x30, 0x00, 
    0xa6, 0x00, 0x6d, 0x66, 0x66, 0xf8, 0x66, 0x6d, 0x60, 0x06, 0xd6, 0x66, 0x66, 0x66, 0x66, 0xd6, 
    0x00, 0x34, 0x00, 0x00, 0x00, 0x00, 0x04, 0x30, 
    /* U+76D8 */
    0x00, 0x00, 0x00, 0x04, 0x10, 0x00, 0x00, 0x00, 0x00, 0x00, 0x16, 0x66, 0xf9, 0x66, 0x66, 0x60, 
    0x00, 0x00, 0x03, 0xf6, 0x6c, 0x76, 0x66, 0x8f, 0x00, 0x00, 0x00, 0x3f, 0x00, 0x8f, 0x40, 0x03, 
    0xf0, 0x00, 0x04, 0x68, 0xf6, 0x66, 0x99, 0x66, 0x8f, 0x66, 0x00, 0x46, 0x8f, 0x68, 0xd6, 0x66, 
    0x68, 0xf6, 0x60, 0x00, 0x0c, 0x70, 0x04, 0xd4, 0x46, 0x9f, 0x00, 0x00, 0x2d, 0x80, 0x00, 0x00, 
    0x04, 0x66, 0x30, 0x00, 0x00, 0x56, 0x66, 0x66, 0x66, 0x66, 0x66, 0x10, 0x00, 0x03, 0xf6, 0x6d, 
    0xa6, 0x8f, 0x66, 0xf3, 0x00, 0x00, 0x3f, 0x00, 0xa6, 0x03, 0xf0, 0x0f, 0x30, 0x00, 0x03, 0xf0, 
    0x0a, 0x60, 0x3f, 0x00, 0xf3, 0x00, 0x00, 0x3f, 0x00, 0xa6, 0x03, 0xf0, 0x0f, 0x30, 0x01, 0x68, 
    0xf6, 0x6d, 0xa6, 0x8f, 0x66, 0xf8, 0x61, 0x16, 0x66, 0x66, 0x66, 0x66, 0x66, 0x66, 0x66, 0x10, 
    /* U+786E */
    0x00, 0x00, 0x00, 0x00, 0x05, 0x00, 0x00, 0x00, 0x06, 0x66, 0x66, 0x30, 0x4f, 0x66, 0x66, 0x10, 
    0x06, 0x6a, 0xd6, 0x32, 0xd6, 0x66, 0x9f, 0x10, 0x00, 0x09, 0x40, 0x0c, 0x30, 0x00, 0xf4, 0x00, 
    0x00, 0x0f, 0x00, 0xd8, 0x66, 0x6c, 0xc6, 0x64, 0x00, 0x6c, 0x66, 0x46, 0xd6, 0x8f, 0x66, 0xaa, 
    0x00, 0xfa, 0x6f, 0x36, 0xa0, 0x3f, 0x00, 0x6a, 0x06, 0xf6, 0x0f, 0x36, 0xd6, 0x8f, 0x66, 0xaa, 
    0x1f, 0xc6, 0x0f, 0x36, 0xd6, 0x8f, 0x66, 0xaa, 0x03, 0xa6, 0x0f, 0x38, 0xa0, 0x3f, 0x00, 0x6a, 
    0x00, 0xa6, 0x0f, 0x3a, 0xd6, 0x8f, 0x66, 0xaa, 0x00, 0xaa, 0x6f, 0x4f, 0xa6, 0x8f, 0x66, 0xaa, 
    0x00, 0xaa, 0x66, 0x6f, 0x10, 0x3f, 0x00, 0x6a, 0x00, 0x43, 0x00, 0xf7, 0x00, 0x3f, 0x16, 0xc9, 
    0x00, 0x00, 0x00, 0x30, 0x00, 0x16, 0x16, 0x61, 
    /* U+78C1 */
    0x00, 0x00, 0x00, 0x00, 0x30, 0x00, 0x02, 0x20, 0x00, 0x66, 0x66, 0x66, 0x07, 0xd2, 0x02, 0xd5, 
    0x00, 0x06, 0x6a, 0xd6, 0xd6, 0x6c, 0x87, 0xf8, 0x66, 0x10, 0x00, 0x95, 0x04, 0x6c, 0xc6, 0x6d, 
    0xa6, 0x61, 0x00, 0x0f, 0x10, 0x00, 0xd3, 0x00, 0xd2, 0x00, 0x00, 0x04, 0xa0, 0x00, 0x3a, 0x23, 
    0x2c, 0x04, 0x00, 0x00, 0xa9, 0x66, 0x08, 0x38, 0x87, 0x43, 0xf0, 0x00, 0x1f, 0xa8, 0xf1, 0xa0, 
    0xd1, 0xc0, 0x78, 0x00, 0x08, 0xf6, 0x3f, 0xad, 0xa8, 0x4f, 0xaf, 0x20, 0x02, 0xfc, 0x63, 0xf4, 
    0x4a, 0x21, 0x68, 0xd0, 0x00, 0x02, 0xa6, 0x3f, 0x01, 0xa0, 0x00, 0x55, 0x00, 0x00, 0x0a, 0x63, 
    0xf0, 0x83, 0x31, 0x0d, 0x04, 0x00, 0x00, 0xaa, 0x8f, 0x29, 0x06, 0x73, 0x80, 0xd4, 0x00, 0x0a, 
    0xa6, 0x6a, 0xca, 0xdd, 0xac, 0xaf, 0x90, 0x00, 0x43, 0x00, 0x44, 0x30, 0xd7, 0x43, 0x4f, 0x00, 
    0x00, 0x00, 0x00, 0x00, 0x04, 0x10, 0x00, 0x40, 
    /* U+79FB */
    0x00, 0x00, 0x00, 0x00, 0x02, 0x20, 0x00, 0x00, 0x00, 0x00, 0x03, 0x40, 0x08, 0x90, 0x00, 0x00, 
    0x06, 0xac, 0xfa, 0x50, 0x3f, 0xa6, 0x66, 0x63, 0x05, 0x3c, 0x60, 0x00, 0xc9, 0x66, 0x66, 0xf5, 
    0x00, 0x0a, 0x60, 0x07, 0xc4, 0x00, 0x06, 0xd0, 0x16, 0x6d, 0xa6, 0x7f, 0x2c, 0x80, 0x5f, 0x20, 
    0x16, 0x6f, 0xa6, 0x52, 0x00, 0xcd, 0xc2, 0x00, 0x00, 0x1f, 0x60, 0x00, 0x06, 0xf6, 0x00, 0x00, 
    0x00, 0x5f, 0x85, 0x28, 0xd8, 0xf6, 0x00, 0x00, 0x00, 0xdf, 0xcf, 0xa4, 0x08, 0xf8, 0x66, 0x66, 
    0x04, 0xda, 0x60, 0x30, 0x4f, 0x76, 0x66, 0x9f, 0x0a, 0x4a, 0x60, 0x04, 0xf7, 0x00, 0x00, 0xd6, 
    0x3c, 0x0a, 0x60, 0x5f, 0x47, 0xc0, 0x0c, 0x90, 0x02, 0x0a, 0x60, 0x21, 0x00, 0xaa, 0xf8, 0x00, 
    0x00, 0x0a, 0x60, 0x00, 0x04, 0xad, 0x40, 0x00, 0x00, 0x0a, 0x60, 0x38, 0xd9, 0x40, 0x00, 0x00, 
    0x00, 0x04, 0x30, 0x44, 0x00, 0x00, 0x00, 0x00, 
    /* U+7A0D */
    0x00, 0x00, 0x04, 0x23, 0x00, 0x16, 0x00, 0x03, 0x06, 0xac, 0xfa, 0x4f, 0x20, 0x3f, 0x00, 0x4d, 
    0x04, 0x3c, 0x60, 0x04, 0xc0, 0x3f, 0x00, 0xd4, 0x00, 0x0a, 0x60, 0x00, 0xa5, 0x3f, 0x07, 0x90, 
    0x16, 0x6d, 0xa6, 0x40, 0x20, 0x3f, 0x02, 0x00, 0x16, 0x6f, 0xa6, 0x46, 0x66, 0x8f, 0x66, 0x64, 
    0x00, 0x3f, 0x60, 0x0f, 0x86, 0x66, 0x66, 0xaa, 0x00, 0x7a, 0x81, 0x0f, 0x30, 0x00, 0x00, 0x6a, 
    0x01, 0x8a, 0x79, 0x0f, 0x86, 0x66, 0x66, 0xaa, 0x09, 0x3a, 0x68, 0x3f, 0x86, 0x66, 0x66, 0xaa, 
    0x1a, 0x0a, 0x61, 0xaf, 0x30, 0x00, 0x00, 0x6a, 0x01, 0x0a, 0x60, 0x1f, 0x86, 0x66, 0x66, 0xaa, 
    0x00, 0x0a, 0x60, 0x0f, 0x86, 0x66, 0x66, 0xaa, 0x00, 0x0a, 0x60, 0x0f, 0x30, 0x04, 0x66, 0xc6, 
    0x00, 0x04, 0x30, 0x06, 0x10, 0x03, 0x66, 0x50, 
    /* U+7EA7 */
    0x00, 0x01, 0x20, 0x00, 0x00, 0x00, 0x00, 0x00, 0x00, 0x08, 0x90, 0x46, 0x66, 0x66, 0x66, 0x00, 
    0x00, 0x2f, 0x10, 0x48, 0xd6, 0x66, 0x9f, 0x00, 0x00, 0xa4, 0x04, 0x03, 0xa0, 0x00, 0xa6, 0x00, 
    0x04, 0x90, 0x3f, 0x25, 0xc0, 0x03, 0xf0, 0x00, 0x0f, 0x76, 0xd4, 0x06, 0xf1, 0x09, 0xc6, 0x60, 
    0x06, 0x4c, 0x50, 0x06, 0xf7, 0x04, 0x68, 0xf0, 0x00, 0x88, 0x00, 0x06, 0xdf, 0x00, 0x06, 0x90, 
    0x07, 0xd6, 0x6a, 0x1a, 0x98, 0x60, 0x0f, 0x30, 0x03, 0x65, 0x33, 0x0f, 0x51, 0xf2, 0x7a, 0x00, 
    0x00, 0x02, 0x56, 0x4f, 0x10, 0x6f, 0xf2, 0x00, 0x09, 0xfd, 0x73, 0xaa, 0x00, 0x4f, 0xd0, 0x00, 
    0x04, 0x10, 0x05, 0xf1, 0x08, 0xf5, 0xaf, 0x30, 0x00, 0x00, 0x3f, 0x44, 0xfa, 0x20, 0x06, 0xf9, 
    0x00, 0x00, 0x03, 0x02, 0x30, 0x00, 0x00, 0x14, 
    /* U+7EE7 */
    0x00, 0x04, 0x00, 0x00, 0x00, 0x03, 0x40, 0x00, 0x00, 0x01, 0xf3, 0x03, 0x41, 0x20, 0x6a, 0x03, 
    0x00, 0x00, 0x78, 0x00, 0x6a, 0x4c, 0x06, 0xa0, 0xf3, 0x00, 0x1d, 0x12, 0x16, 0xa0, 0xf2, 0x6a, 
    0x4a, 0x00, 0x08, 0x60, 0xa7, 0x6a, 0x08, 0x76, 0xac, 0x30, 0x02, 0xf6, 0x7d, 0x06, 0xa0, 0x21, 
    0x6a, 0x30, 0x00, 0x06, 0x5f, 0x20, 0x6a, 0x46, 0x6a, 0xd6, 0x64, 0x00, 0x08, 0x40, 0x06, 0xa4, 
    0x66, 0xfd, 0x66, 0x40, 0x06, 0xc5, 0x67, 0x6a, 0x00, 0x5f, 0xd4, 0x00, 0x00, 0x87, 0x64, 0x26, 
    0xa0, 0x1c, 0x7d, 0xc4, 0x00, 0x00, 0x00, 0x00, 0x6a, 0x0c, 0x46, 0xa0, 0xc4, 0x00, 0x00, 0x14, 
    0x56, 0xa7, 0x70, 0x6a, 0x00, 0x00, 0x08, 0xdd, 0x83, 0x6a, 0x20, 0x03, 0x40, 0x00, 0x00, 0x41, 
    0x00, 0x06, 0xd6, 0x66, 0x66, 0x66, 0x61, 0x00, 0x00, 0x00, 0x36, 0x66, 0x66, 0x66, 0x66, 0x10, 
    /* U+7EEA */
    0x00, 0x03, 0x10, 0x00, 0x04, 0x30, 0x00, 0x30, 0x00, 0x0f, 0x40, 0x00, 0x0a, 0x60, 0x00, 0xf3, 
    0x00, 0x5a, 0x00, 0x16, 0x6d, 0xa6, 0x49, 0x90, 0x00, 0xf2, 0x04, 0x26, 0x6d, 0xa6, 0x9f, 0x00, 
    0x07, 0x60, 0x3f, 0x20, 0x0a, 0x62, 0xf3, 0x00, 0x2f, 0x66, 0xc5, 0x66, 0x6d, 0xac, 0xc6, 0x66, 
    0x06, 0x49, 0x80, 0x66, 0x66, 0xda, 0x66, 0x66, 0x00, 0x3c, 0x00, 0x00, 0x0a, 0x96, 0x66, 0x40, 
    0x00, 0xd0, 0x35, 0x05, 0xf6, 0x66, 0x6a, 0xa0, 0x0c, 0xff, 0xa7, 0xdc, 0xf6, 0x66, 0x6a, 0xa0, 
    0x04, 0x20, 0x00, 0x33, 0xf6, 0x66, 0x6a, 0xa0, 0x00, 0x00, 0x14, 0x13, 0xf0, 0x00, 0x06, 0xa0, 
    0x07, 0xaf, 0xc8, 0x13, 0xf6, 0x66, 0x6a, 0xa0, 0x04, 0x30, 0x00, 0x03, 0xf6, 0x66, 0x6a, 0xa0, 
    0x00, 0x00, 0x00, 0x01, 0x60, 0x00, 0x03, 0x40, 
    /* U+7EED */
    0x00, 0x04, 0x00, 0x00, 0x00, 0x34, 0x00, 0x00, 0x00, 0x03, 0xf1, 0x01, 0x66, 0x6a, 0xd6, 0x66, 
    0x10, 0x00, 0xa4, 0x13, 0x16, 0x66, 0xad, 0x66, 0x61, 0x00, 0x57, 0x08, 0xc6, 0x66, 0x6a, 0xd6, 
    0x66, 0x60, 0x1d, 0x67, 0xf3, 0x66, 0x66, 0x66, 0x66, 0x9f, 0x00, 0x64, 0xf7, 0x00, 0x03, 0x00, 
    0x41, 0x08, 0x80, 0x00, 0x5d, 0x00, 0x02, 0xaa, 0x1d, 0x32, 0xf2, 0x00, 0x2f, 0x20, 0x00, 0x30, 
    0x40, 0xf3, 0x04, 0x00, 0x0c, 0x95, 0x67, 0x2d, 0xa1, 0x0f, 0x20, 0x00, 0x00, 0x97, 0x64, 0x26, 
    0x6c, 0x67, 0xf6, 0x66, 0x61, 0x00, 0x00, 0x00, 0x66, 0x66, 0xdf, 0x96, 0x66, 0x10, 0x00, 0x14, 
    0x60, 0x00, 0x4f, 0x4d, 0x40, 0x00, 0x09, 0xdd, 0x73, 0x00, 0x6d, 0x20, 0x0c, 0x80, 0x00, 0x41, 
    0x00, 0x18, 0xd7, 0x00, 0x00, 0x08, 0xc0, 0x00, 0x00, 0x00, 0x40, 0x00, 0x00, 0x00, 0x03, 0x00, 
    /* U+7F6E */
    0x00, 0x66, 0x66, 0x66, 0x66, 0x66, 0x66, 0x60, 0x00, 0x0f, 0x86, 0x6f, 0x86, 0x6f, 0x86, 0x8f, 
    0x00, 0x00, 0xf8, 0x66, 0xf8, 0x66, 0xf8, 0x68, 0xf0, 0x00, 0x06, 0x66, 0x66, 0x8f, 0x66, 0x66, 
    0x66, 0x00, 0x06, 0x66, 0x66, 0x68, 0xf6, 0x66, 0x66, 0x66, 0x00, 0x66, 0x66, 0x66, 0x8f, 0x66, 
    0x66, 0x66, 0x60, 0x00, 0x06, 0x66, 0x68, 0xf6, 0x66, 0x66, 0x10, 0x00, 0x00, 0xf8, 0x66, 0x66, 
    0x66, 0x66, 0xf3, 0x00, 0x00, 0x0f, 0x86, 0x66, 0x66, 0x66, 0x6f, 0x30, 0x00, 0x00, 0xf8, 0x66, 
    0x66, 0x66, 0x66, 0xf3, 0x00, 0x00, 0x0f, 0x86, 0x66, 0x66, 0x66, 0x6f, 0x30, 0x00, 0x00, 0xf8, 
    0x66, 0x66, 0x66, 0x66, 0xf3, 0x00, 0x16, 0x6f, 0x86, 0x66, 0x66, 0x66, 0x6f, 0x86, 0x31, 0x66, 
    0x66, 0x66, 0x66, 0x66, 0x66, 0x66, 0x63, 
    /* U+8111 */
    0x00, 0x00, 0x00, 0x00, 0x00, 0x03, 0x00, 0x00, 0x00, 0x16, 0x66, 0x60, 0x00, 0x02, 0xf4, 0x00, 
    0x00, 0x03, 0xf6, 0x8f, 0x16, 0x66, 0x6c, 0x86, 0x66, 0x30, 0x3f, 0x03, 0xf1, 0x66, 0x66, 0x66, 
    0x66, 0x63, 0x03, 0xf0, 0x3f, 0x00, 0x03, 0x00, 0x04, 0x00, 0x00, 0x3f, 0x68, 0xf0, 0x44, 0xd1, 
    0x06, 0xa3, 0x40, 0x03, 0xf6, 0x8f, 0x0a, 0x65, 0xc0, 0xf3, 0x6a, 0x00, 0x3f, 0x03, 0xf0, 0xa6, 
    0x0a, 0xda, 0x06, 0xa0, 0x03, 0xf0, 0x3f, 0x0a, 0x60, 0x3f, 0x40, 0x6a, 0x00, 0x3f, 0x68, 0xf0, 
    0xa6, 0x08, 0xf9, 0x06, 0xa0, 0x03, 0xf6, 0x8f, 0x0a, 0x64, 0xf1, 0xf3, 0x6a, 0x00, 0x3f, 0x03, 
    0xf0, 0xa8, 0xd2, 0x03, 0xc6, 0xa0, 0x05, 0xa0, 0x3f, 0x0a, 0x83, 0x00, 0x03, 0x6a, 0x00, 0xa7, 
    0x03, 0xf0, 0xaa, 0x66, 0x66, 0x6a, 0xa0, 0x1f, 0x36, 0x8f, 0x04, 0x66, 0x66, 0x66, 0xaa, 0x00, 
    0x30, 0x66, 0x30, 0x00, 0x00, 0x00, 0x03, 0x40, 
    /* U+83DC */
    0x00, 0x00, 0x43, 0x00, 0x03, 0x40, 0x00, 0x00, 0x66, 0x66, 0xda, 0x66, 0x6a, 0xd6, 0x66, 0x61, 
    0x66, 0x66, 0xda, 0x66, 0x6a, 0xd6, 0x66, 0x61, 0x00, 0x00, 0x43, 0x00, 0x03, 0x40, 0x00, 0x00, 
    0x16, 0x66, 0x66, 0x66, 0x66, 0x66, 0x63, 0x00, 0x06, 0x66, 0x66, 0x66, 0x66, 0x66, 0x64, 0x00, 
    0x00, 0x40, 0x00, 0x34, 0x00, 0x01, 0x20, 0x00, 0x00, 0x9a, 0x00, 0x14, 0x00, 0x8f, 0x80, 0x00, 
    0x00, 0x03, 0x00, 0x16, 0x00, 0x40, 0x00, 0x00, 0x66, 0x66, 0x66, 0x8f, 0x66, 0x66, 0x66, 0x60, 
    0x66, 0x66, 0x6c, 0xff, 0xd9, 0x66, 0x66, 0x60, 0x00, 0x00, 0x6a, 0x4f, 0x2c, 0x30, 0x00, 0x00, 
    0x00, 0x4d, 0x60, 0x3f, 0x00, 0xa8, 0x10, 0x00, 0x6d, 0x81, 0x00, 0x3f, 0x00, 0x04, 0xda, 0x50, 
    0x41, 0x00, 0x00, 0x3f, 0x00, 0x00, 0x02, 0x40, 0x00, 0x00, 0x00, 0x16, 0x00, 0x00, 0x00, 0x00, 
    /* U+8981 */
    0x04, 0x66, 0x66, 0x66, 0x66, 0x66, 0x66, 0x64, 0x00, 0x46, 0x66, 0x6f, 0x86, 0x8f, 0x66, 0x66, 
    0x40, 0x00, 0x66, 0x66, 0xf8, 0x68, 0xf6, 0x66, 0x60, 0x00, 0x0f, 0x86, 0x6f, 0x86, 0x8f, 0x66, 
    0x8f, 0x00, 0x00, 0xf3, 0x00, 0xf3, 0x03, 0xf0, 0x03, 0xf0, 0x00, 0x0f, 0x86, 0x6f, 0x86, 0x8f, 
    0x66, 0x8f, 0x00, 0x00, 0xf8, 0x66, 0xc7, 0x66, 0x66, 0x68, 0xf0, 0x00, 0x06, 0x10, 0x1f, 0x30, 
    0x00, 0x00, 0x16, 0x00, 0x16, 0x66, 0x6a, 0xf6, 0x66, 0x66, 0x66, 0x66, 0x11, 0x66, 0x6c, 0xf6, 
    0x66, 0x66, 0xdd, 0x66, 0x61, 0x00, 0x02, 0xf6, 0x00, 0x00, 0x6f, 0x20, 0x00, 0x00, 0x00, 0x14, 
    0x9f, 0xd8, 0xaf, 0x20, 0x00, 0x00, 0x00, 0x00, 0x00, 0x4f, 0xff, 0xf8, 0x40, 0x00, 0x00, 0x25, 
    0x7a, 0xf9, 0x51, 0x02, 0x7d, 0xd7, 0x00, 0x02, 0x63, 0x10, 0x00, 0x00, 0x00, 0x01, 0x40, 0x00, 
    /* U+8BA4 */
    0x00, 0x20, 0x00, 0x00, 0x00, 0x61, 0x00, 0x00, 0x00, 0x88, 0x00, 0x00, 0x00, 0xf3, 0x00, 0x00, 
    0x00, 0x0c, 0x80, 0x00, 0x00, 0xf3, 0x00, 0x00, 0x00, 0x02, 0xf3, 0x00, 0x00, 0xf3, 0x00, 0x00, 
    0x00, 0x00, 0x30, 0x00, 0x00, 0xf3, 0x00, 0x00, 0x16, 0x66, 0x00, 0x00, 0x00, 0xf3, 0x00, 0x00, 
    0x16, 0x8f, 0x00, 0x00, 0x03, 0xf5, 0x00, 0x00, 0x00, 0x3f, 0x00, 0x00, 0x04, 0xf8, 0x00, 0x00, 
    0x00, 0x3f, 0x00, 0x00, 0x08, 0x9d, 0x00, 0x00, 0x00, 0x3f, 0x00, 0x00, 0x0d, 0x4c, 0x20, 0x00, 
    0x00, 0x3f, 0x04, 0xf0, 0x4d, 0x05, 0x80, 0x00, 0x00, 0x3f, 0x4f, 0x30, 0xd5, 0x00, 0xf2, 0x00, 
    0x00, 0x3f, 0xf2, 0x08, 0xc0, 0x00, 0x6c, 0x00, 0x00, 0x5f, 0x20, 0x8f, 0x10, 0x00, 0x0c, 0x80, 
    0x00, 0x02, 0x07, 0xf2, 0x00, 0x00, 0x00, 0xca, 0x00, 0x00, 0x02, 0x10, 0x00, 0x00, 0x00, 0x04, 
    /* U+8BBE */
    0x00, 0x20, 0x00, 0x03, 0x66, 0x66, 0x66, 0x00, 0x00, 0x07, 0xc0, 0x00, 0x6d, 0x66, 0x68, 0xf0, 
    0x00, 0x00, 0x08, 0xc0, 0x07, 0xa0, 0x00, 0x3f, 0x00, 0x00, 0x00, 0x02, 0x02, 0xf4, 0x00, 0x03, 
    0xf0, 0x00, 0x16, 0x66, 0x05, 0xf8, 0x00, 0x00, 0x2f, 0x66, 0x11, 0x68, 0xf0, 0x04, 0x00, 0x00, 
    0x00, 0x46, 0x61, 0x00, 0x3f, 0x00, 0x66, 0x66, 0x66, 0x66, 0x40, 0x00, 0x03, 0xf0, 0x08, 0xf6, 
    0x66, 0x66, 0xf8, 0x00, 0x00, 0x3f, 0x00, 0x0d, 0x50, 0x00, 0x4f, 0x10, 0x00, 0x03, 0xf0, 0x00, 
    0x4f, 0x20, 0x2f, 0x40, 0x00, 0x00, 0x3f, 0x01, 0x10, 0x7f, 0x4f, 0x70, 0x00, 0x00, 0x03, 0xf8, 
    0xf3, 0x00, 0xdf, 0x90, 0x00, 0x00, 0x00, 0x4f, 0xa3, 0x17, 0xfa, 0x4d, 0xd4, 0x00, 0x00, 0x00, 
    0x33, 0xcf, 0x93, 0x00, 0x04, 0xdf, 0x90, 0x00, 0x00, 0x04, 0x00, 0x00, 0x00, 0x00, 0x24, 0x00, 
    /* U+8BC6 */
    0x00, 0x20, 0x00, 0x00, 0x00, 0x00, 0x00, 0x00, 0x00, 0x08, 0x80, 0x03, 0x66, 0x66, 0x66, 0x66, 
    0x10, 0x00, 0x0f, 0x50, 0x6d, 0x66, 0x66, 0x66, 0xf3, 0x00, 0x00, 0x3f, 0x16, 0xa0, 0x00, 0x00, 
    0x0f, 0x30, 0x00, 0x00, 0x20, 0x6a, 0x00, 0x00, 0x00, 0xf3, 0x01, 0x66, 0x60, 0x06, 0xa0, 0x00, 
    0x00, 0x0f, 0x30, 0x16, 0x8f, 0x00, 0x6a, 0x00, 0x00, 0x00, 0xf3, 0x00, 0x03, 0xf0, 0x06, 0xd6, 
    0x66, 0x66, 0x6f, 0x30, 0x00, 0x3f, 0x00, 0x6d, 0x66, 0x66, 0x66, 0xf3, 0x00, 0x03, 0xf0, 0x03, 
    0x40, 0x00, 0x00, 0x06, 0x10, 0x00, 0x3f, 0x00, 0x00, 0x20, 0x00, 0x30, 0x00, 0x00, 0x03, 0xf2, 
    0xc6, 0x2f, 0x40, 0x0c, 0x80, 0x00, 0x00, 0x4f, 0xf6, 0x0f, 0x80, 0x00, 0x2f, 0x50, 0x00, 0x08, 
    0xf3, 0x1c, 0x80, 0x00, 0x00, 0x2f, 0x40, 0x00, 0x02, 0x0f, 0x70, 0x00, 0x00, 0x00, 0x4f, 0x30, 
    0x00, 0x00, 0x20, 0x00, 0x00, 0x00, 0x00, 0x30, 
    /* U+8BD5 */
    0x00, 0x20, 0x00, 0x00, 0x00, 0x06, 0x13, 0x00, 0x00, 0x4f, 0x20, 0x00, 0x00, 0x00, 0xf3, 0x9f, 
    0x30, 0x00, 0x8c, 0x00, 0x00, 0x00, 0x0f, 0x30, 0x30, 0x00, 0x00, 0xa2, 0x66, 0x66, 0x66, 0xf8, 
    0x66, 0x61, 0x00, 0x00, 0x06, 0x66, 0x66, 0x6f, 0x86, 0x66, 0x11, 0x66, 0x40, 0x00, 0x00, 0x00, 
    0xf3, 0x00, 0x00, 0x16, 0xaa, 0x00, 0x00, 0x00, 0x0d, 0x30, 0x00, 0x00, 0x06, 0xa0, 0x46, 0x66, 
    0x64, 0xa4, 0x00, 0x00, 0x00, 0x6a, 0x04, 0x6a, 0xd6, 0x4a, 0x60, 0x00, 0x00, 0x06, 0xa0, 0x00, 
    0x6a, 0x00, 0x76, 0x00, 0x00, 0x00, 0x6a, 0x02, 0x06, 0xa0, 0x05, 0xa0, 0x00, 0x00, 0x06, 0xa2, 
    0xa0, 0x6a, 0x00, 0x3f, 0x00, 0x40, 0x00, 0x6d, 0xf4, 0x06, 0xa2, 0x41, 0xf2, 0x0f, 0x30, 0x06, 
    0xf5, 0x5a, 0xdf, 0xa8, 0x18, 0x80, 0xf0, 0x00, 0xd8, 0x04, 0x31, 0x00, 0x00, 0x0f, 0x9d, 0x00, 
    0x02, 0x00, 0x00, 0x00, 0x00, 0x00, 0x06, 0x20, 
    /* U+8BF7 */
    0x00, 0x30, 0x00, 0x00, 0x00, 0x61, 0x00, 0x00, 0x00, 0x1f, 0x40, 0x46, 0x66, 0x6f, 0x86, 0x66, 
    0x60, 0x00, 0x2f, 0x44, 0x66, 0x66, 0xf8, 0x66, 0x66, 0x00, 0x00, 0x30, 0x16, 0x66, 0x6f, 0x86, 
    0x66, 0x30, 0x00, 0x00, 0x01, 0x66, 0x66, 0xf8, 0x66, 0x63, 0x01, 0x66, 0x61, 0x66, 0x66, 0x6f, 
    0x86, 0x66, 0x61, 0x16, 0x8f, 0x16, 0x66, 0x66, 0x66, 0x66, 0x66, 0x10, 0x03, 0xf0, 0x04, 0x66, 
    0x66, 0x66, 0x66, 0x00, 0x00, 0x3f, 0x00, 0xaa, 0x66, 0x66, 0x68, 0xf0, 0x00, 0x03, 0xf0, 0x0a, 
    0xa6, 0x66, 0x66, 0x8f, 0x00, 0x00, 0x3f, 0x00, 0xaa, 0x66, 0x66, 0x68, 0xf0, 0x00, 0x03, 0xf0, 
    0x3a, 0xa6, 0x66, 0x66, 0x8f, 0x00, 0x00, 0x3f, 0xa7, 0xaa, 0x66, 0x66, 0x68, 0xf0, 0x00, 0x08, 
    0xf4, 0x0a, 0x60, 0x01, 0x66, 0x9d, 0x00, 0x00, 0x21, 0x00, 0x43, 0x00, 0x16, 0x66, 0x10, 0x00, 
    /* U+8C03 */
    0x00, 0x30, 0x00, 0x00, 0x00, 0x00, 0x00, 0x00, 0x01, 0xf3, 0x01, 0x66, 0x66, 0x66, 0x66, 0x63, 
    0x00, 0x5f, 0x03, 0xf6, 0x66, 0x66, 0x66, 0xd6, 0x00, 0x0a, 0x83, 0xf0, 0x00, 0x61, 0x00, 0xa6, 
    0x00, 0x01, 0x03, 0xf0, 0x66, 0xf8, 0x63, 0xa6, 0x16, 0x64, 0x03, 0xf0, 0x66, 0xf8, 0x63, 0xa6, 
    0x16, 0xaa, 0x03, 0xf3, 0x66, 0xf8, 0x66, 0xa6, 0x00, 0x6a, 0x03, 0xf3, 0x66, 0x66, 0x66, 0xa6, 
    0x00, 0x6a, 0x03, 0xf0, 0x46, 0x66, 0x61, 0xa6, 0x00, 0x6a, 0x05, 0xf0, 0xaa, 0x66, 0xf3, 0xa6, 
    0x00, 0x6d, 0xd9, 0xc0, 0xaa, 0x66, 0xf3, 0xa6, 0x00, 0xdc, 0x28, 0x70, 0xaa, 0x66, 0x61, 0xa6, 
    0x00, 0x30, 0x2f, 0x10, 0x43, 0x00, 0x00, 0xa6, 0x00, 0x00, 0xd6, 0x00, 0x00, 0x04, 0x66, 0xf5, 
    0x00, 0x00, 0x30, 0x00, 0x00, 0x03, 0x66, 0x50, 
    /* U+8D25 */
    0x00, 0x00, 0x00, 0x00, 0x04, 0x00, 0x00, 0x00, 0x36, 0x66, 0x66, 0x30, 0x4f, 0x00, 0x00, 0x00, 
    0x6d, 0x66, 0x6d, 0x60, 0x79, 0x00, 0x00, 0x00, 0x6a, 0x06, 0x1a, 0x60, 0xfa, 0x66, 0x66, 0x60, 
    0x6a, 0x0f, 0x3a, 0x64, 0xf8, 0x66, 0xda, 0x60, 0x6a, 0x0f, 0x3a, 0x6a, 0xf3, 0x00, 0xa6, 0x00, 
    0x6a, 0x0f, 0x2a, 0xad, 0x95, 0x00, 0xc3, 0x00, 0x6a, 0x0f, 0x0a, 0x62, 0x67, 0x00, 0xf2, 0x00, 
    0x6a, 0x0f, 0x0a, 0x60, 0x4c, 0x03, 0xf0, 0x00, 0x6a, 0x2f, 0x0a, 0x60, 0x0f, 0x17, 0x90, 0x00, 
    0x34, 0x3f, 0x44, 0x30, 0x0a, 0x7f, 0x30, 0x00, 0x00, 0x7a, 0xf4, 0x00, 0x04, 0xfa, 0x00, 0x00, 
    0x00, 0xf2, 0x4f, 0x20, 0x08, 0xff, 0x00, 0x00, 0x09, 0x70, 0x07, 0x80, 0xac, 0x08, 0xd2, 0x00, 
    0xc9, 0x00, 0x00, 0x7f, 0x70, 0x00, 0x5f, 0x80, 0x30, 0x00, 0x00, 0x22, 0x00, 0x00, 0x00, 0x30, 
    /* U+8F7D */
    0x00, 0x00, 0x16, 0x00, 0x01, 0x60, 0x22, 0x00, 0x00, 0x36, 0x68, 0xf6, 0x66, 0x3f, 0x05, 0xfc, 
    0x00, 0x03, 0x66, 0x8f, 0x66, 0x62, 0xf0, 0x00, 0x30, 0x01, 0x66, 0x68, 0xf6, 0x66, 0x6f, 0x66, 
    0x66, 0x61, 0x16, 0x66, 0xc8, 0x66, 0x66, 0xf8, 0x66, 0x66, 0x10, 0x00, 0x0f, 0x30, 0x00, 0x0f, 
    0x30, 0x13, 0x00, 0x04, 0x69, 0xf6, 0x66, 0x61, 0xc3, 0x06, 0xd0, 0x00, 0x47, 0xf7, 0xda, 0x66, 
    0x1a, 0x50, 0xf4, 0x00, 0x00, 0x79, 0x0a, 0x60, 0x00, 0x77, 0x4d, 0x00, 0x00, 0x2f, 0x86, 0xda, 
    0x66, 0x05, 0xcf, 0x40, 0x00, 0x01, 0x66, 0x6d, 0xa6, 0x60, 0x2f, 0xa0, 0x00, 0x00, 0x00, 0x00, 
    0xa7, 0x35, 0x03, 0xf5, 0x00, 0x40, 0x04, 0x9a, 0xdf, 0xda, 0x61, 0xfc, 0xa0, 0x0f, 0x30, 0x44, 
    0x30, 0xa6, 0x00, 0xc8, 0x0f, 0x32, 0xf0, 0x00, 0x00, 0x0a, 0x60, 0xf8, 0x00, 0x4f, 0x99, 0x00, 
    0x00, 0x00, 0x43, 0x03, 0x00, 0x00, 0x36, 0x00, 
    /* U+8FD4 */
    0x00, 0x30, 0x00, 0x00, 0x00, 0x00, 0x01, 0x43, 0x00, 0x1f, 0x10, 0x04, 0x66, 0x9a, 0xcf, 0xda, 
    0x50, 0x00, 0x6c, 0x00, 0xaa, 0x64, 0x32, 0x00, 0x00, 0x00, 0x00, 0xd5, 0x0a, 0x60, 0x00, 0x00, 
    0x00, 0x00, 0x00, 0x02, 0x00, 0xaa, 0x66, 0x66, 0x66, 0x61, 0x01, 0x66, 0x60, 0x0a, 0xa6, 0x66, 
    0x66, 0x7f, 0x10, 0x16, 0x8f, 0x00, 0xa6, 0x30, 0x00, 0x06, 0xa0, 0x00, 0x03, 0xf0, 0x0a, 0x6c, 
    0xc1, 0x00, 0xf4, 0x00, 0x00, 0x3f, 0x00, 0xa4, 0x08, 0xf3, 0x9a, 0x00, 0x00, 0x03, 0xf0, 0x0f, 
    0x10, 0x06, 0xff, 0x10, 0x00, 0x00, 0x3f, 0x04, 0xd0, 0x01, 0xaf, 0xf7, 0x00, 0x00, 0x03, 0xf0, 
    0xa6, 0x06, 0xfa, 0x14, 0xf8, 0x00, 0x00, 0x8f, 0x2f, 0x3d, 0xf4, 0x00, 0x04, 0xf6, 0x00, 0x8f, 
    0xc5, 0x30, 0x40, 0x00, 0x00, 0x02, 0x00, 0x1f, 0x20, 0xcd, 0x76, 0x66, 0x66, 0x66, 0x66, 0x00, 
    0x20, 0x00, 0x36, 0x66, 0x66, 0x66, 0x66, 0x50, 
    /* U+8FD9 */
    0x00, 0x20, 0x00, 0x00, 0x01, 0x20, 0x00, 0x00, 0x00, 0x2d, 0x00, 0x00, 0x00, 0x89, 0x00, 0x00, 
    0x00, 0x00, 0xa6, 0x00, 0x00, 0x01, 0xf1, 0x00, 0x00, 0x00, 0x03, 0xf0, 0x66, 0x66, 0x6a, 0x66, 
    0x66, 0x60, 0x00, 0x0a, 0x56, 0x66, 0x66, 0x66, 0x66, 0x66, 0x00, 0x00, 0x10, 0x00, 0x00, 0x00, 
    0x00, 0x40, 0x00, 0x16, 0x66, 0x00, 0x40, 0x00, 0x00, 0x4f, 0x10, 0x01, 0x68, 0xf0, 0x07, 0xf2, 
    0x00, 0x0d, 0x80, 0x00, 0x00, 0x3f, 0x00, 0x05, 0xf5, 0x06, 0xf0, 0x00, 0x00, 0x03, 0xf0, 0x00, 
    0x04, 0xfa, 0xf4, 0x00, 0x00, 0x00, 0x3f, 0x00, 0x00, 0x04, 0xfd, 0x00, 0x00, 0x00, 0x03, 0xf0, 
    0x00, 0x05, 0xf8, 0xcf, 0x20, 0x00, 0x00, 0x3f, 0x00, 0x3a, 0xf4, 0x00, 0xcf, 0x40, 0x00, 0x08, 
    0xf0, 0x8f, 0x91, 0x00, 0x00, 0x8f, 0x10, 0x08, 0xfc, 0x83, 0x10, 0x00, 0x00, 0x00, 0x30, 0x01, 
    0xf2, 0x0a, 0xf9, 0x66, 0x66, 0x66, 0x66, 0x91, 0x02, 0x00, 0x02, 0x56, 0x66, 0x66, 0x66, 0x65, 
    0x00, 
    /* U+8FDB */
    0x00, 0x20, 0x00, 0x01, 0x40, 0x00, 0x61, 0x00, 0x00, 0x3f, 0x10, 0x00, 0x3a, 0x00, 0x0f, 0x30, 
    0x00, 0x00, 0x7a, 0x00, 0x03, 0xa0, 0x00, 0xf3, 0x00, 0x00, 0x00, 0xd4, 0x36, 0x8d, 0x66, 0x6f, 
    0x86, 0x30, 0x00, 0x02, 0x03, 0x68, 0xd6, 0x66, 0xf8, 0x63, 0x00, 0x00, 0x00, 0x00, 0x3a, 0x00, 
    0x0f, 0x30, 0x00, 0x16, 0x66, 0x00, 0x03, 0xa0, 0x00, 0xf3, 0x00, 0x01, 0x68, 0xf0, 0x66, 0x8d, 
    0x66, 0x6f, 0x86, 0x60, 0x00, 0x3f, 0x06, 0x68, 0xf6, 0x66, 0xf8, 0x66, 0x00, 0x03, 0xf0, 0x00, 
    0x5c, 0x00, 0x0f, 0x30, 0x00, 0x00, 0x3f, 0x00, 0x0c, 0x70, 0x00, 0xf3, 0x00, 0x00, 0x03, 0xf0, 
    0x05, 0xf1, 0x00, 0x0f, 0x30, 0x00, 0x00, 0x5f, 0x03, 0xf4, 0x00, 0x00, 0xf3, 0x00, 0x00, 0x4f, 
    0xa8, 0x03, 0x00, 0x00, 0x06, 0x10, 0x00, 0x1f, 0x30, 0xad, 0x86, 0x66, 0x66, 0x66, 0x68, 0x00, 
    0x20, 0x00, 0x25, 0x66, 0x66, 0x66, 0x66, 0x50, 
    /* U+9000 */
    0x00, 0x30, 0x00, 0x36, 0x66, 0x66, 0x66, 0x30, 0x00, 0x1f, 0x40, 0x06, 0xd6, 0x66, 0x66, 0xd6, 
    0x00, 0x00, 0x2f, 0x40, 0x6a, 0x00, 0x00, 0x0a, 0x60, 0x00, 0x00, 0x20, 0x06, 0xd6, 0x66, 0x66, 
    0xd6, 0x00, 0x00, 0x00, 0x00, 0x6d, 0x66, 0x66, 0x6d, 0x60, 0x01, 0x66, 0x60, 0x06, 0xa0, 0x00, 
    0x00, 0xa6, 0x00, 0x16, 0x8f, 0x00, 0x6d, 0x66, 0x66, 0x6d, 0x60, 0x00, 0x03, 0xf0, 0x06, 0xd6, 
    0x66, 0x66, 0x63, 0x00, 0x00, 0x3f, 0x00, 0x6a, 0x04, 0x00, 0x00, 0x32, 0x00, 0x03, 0xf0, 0x06, 
    0xa0, 0x9a, 0x13, 0xad, 0x40, 0x00, 0x3f, 0x00, 0x6a, 0x00, 0x9f, 0xf5, 0x00, 0x00, 0x03, 0xf0, 
    0x06, 0xc8, 0xf6, 0x1a, 0xa1, 0x00, 0x00, 0x5f, 0x00, 0xaf, 0x61, 0x00, 0x06, 0xf3, 0x00, 0x4d, 
    0x99, 0x01, 0x10, 0x00, 0x00, 0x03, 0x00, 0x1f, 0x20, 0xad, 0x76, 0x66, 0x66, 0x66, 0x66, 0x00, 
    0x20, 0x00, 0x46, 0x66, 0x66, 0x66, 0x66, 0x50, 
    /* U+9009 */
    0x00, 0x30, 0x00, 0x04, 0x00, 0x61, 0x00, 0x00, 0x00, 0x1f, 0x10, 0x04, 0xf0, 0x0f, 0x30, 0x00, 
    0x00, 0x00, 0x6c, 0x00, 0xad, 0x66, 0xf8, 0x66, 0x63, 0x00, 0x00, 0xd5, 0x4f, 0x76, 0x6f, 0x86, 
    0x66, 0x30, 0x00, 0x02, 0x00, 0x30, 0x00, 0xf3, 0x00, 0x00, 0x01, 0x66, 0x61, 0x66, 0x66, 0x6f, 
    0x86, 0x66, 0x61, 0x16, 0x8f, 0x16, 0x68, 0xf6, 0x6d, 0xa6, 0x66, 0x10, 0x03, 0xf0, 0x00, 0x3f, 
    0x00, 0xa6, 0x01, 0x30, 0x00, 0x3f, 0x00, 0x06, 0xc0, 0x0a, 0x60, 0x3f, 0x00, 0x03, 0xf0, 0x04, 
    0xf4, 0x00, 0xa6, 0x03, 0xd0, 0x00, 0x4f, 0x0a, 0xf4, 0x00, 0x09, 0xc6, 0xc8, 0x00, 0x4d, 0xc4, 
    0x31, 0x00, 0x00, 0x06, 0x65, 0x00, 0x1f, 0x20, 0xac, 0x76, 0x66, 0x66, 0x66, 0x66, 0x00, 0x20, 
    0x00, 0x25, 0x66, 0x66, 0x66, 0x66, 0x50, 
    /* U+901A */
    0x00, 0x30, 0x00, 0x00, 0x00, 0x00, 0x00, 0x00, 0x00, 0x1f, 0x10, 0x36, 0x66, 0x66, 0x66, 0x66, 
    0x00, 0x00, 0x6c, 0x03, 0x66, 0x66, 0x66, 0x9f, 0xd0, 0x00, 0x00, 0xd5, 0x00, 0x13, 0x00, 0x4f, 
    0x70, 0x00, 0x00, 0x02, 0x00, 0x04, 0xfa, 0x8d, 0x30, 0x00, 0x00, 0x00, 0x00, 0x16, 0x67, 0xff, 
    0x96, 0x66, 0x10, 0x16, 0x66, 0x03, 0xf6, 0x66, 0xf8, 0x66, 0xf3, 0x01, 0x68, 0xf0, 0x3f, 0x66, 
    0x6f, 0x86, 0x6f, 0x30, 0x00, 0x3f, 0x03, 0xf6, 0x66, 0xf8, 0x66, 0xf3, 0x00, 0x03, 0xf0, 0x3f, 
    0x66, 0x6f, 0x86, 0x6f, 0x30, 0x00, 0x3f, 0x03, 0xf6, 0x66, 0xf8, 0x66, 0xf3, 0x00, 0x03, 0xf0, 
    0x3f, 0x00, 0x0f, 0x30, 0x0f, 0x30, 0x00, 0x4f, 0x03, 0xf0, 0x00, 0xf4, 0x68, 0xf1, 0x00, 0x4f, 
    0xd4, 0x16, 0x00, 0x06, 0x36, 0x63, 0x00, 0x1f, 0x42, 0xcc, 0x76, 0x66, 0x66, 0x66, 0x66, 0x00, 
    0x30, 0x00, 0x25, 0x66, 0x66, 0x66, 0x66, 0x60, 
    /* U+914D */
    0x66, 0x66, 0x66, 0x66, 0x36, 0x66, 0x66, 0x30, 0x66, 0xad, 0x8d, 0x66, 0x36, 0x66, 0x6d, 0x60, 
    0x00, 0x6a, 0x3a, 0x00, 0x00, 0x00, 0x0a, 0x60, 0x36, 0xad, 0x8d, 0x66, 0x10, 0x00, 0x0a, 0x60, 
    0x6d, 0xad, 0x8d, 0x6f, 0x30, 0x00, 0x0a, 0x60, 0x6a, 0x67, 0x3a, 0x0f, 0x36, 0x66, 0x6d, 0x60, 
    0x6a, 0x66, 0x3a, 0x0f, 0x3f, 0x86, 0x6d, 0x60, 0x6a, 0x94, 0x3d, 0x6f, 0x3f, 0x30, 0x04, 0x30, 
    0x6d, 0xf0, 0x05, 0x6f, 0x3f, 0x30, 0x00, 0x00, 0x6a, 0x50, 0x00, 0x0f, 0x3f, 0x30, 0x00, 0x30, 
    0x6d, 0x66, 0x66, 0x6f, 0x3f, 0x30, 0x00, 0xd3, 0x6d, 0x66, 0x66, 0x6f, 0x3f, 0x30, 0x00, 0xf3, 
    0x6d, 0x66, 0x66, 0x6f, 0x3c, 0x40, 0x00, 0xf0, 0x6d, 0x66, 0x66, 0x6f, 0x38, 0xc6, 0x69, 0xa0, 
    0x34, 0x00, 0x00, 0x06, 0x10, 0x56, 0x65, 0x00, 
    /* U+91CD */
    0x00, 0x66, 0x66, 0x66, 0x9a, 0xaa, 0xaa, 0xc0, 0x00, 0x06, 0x66, 0x66, 0x4f, 0x53, 0x33, 0x30, 
    0x00, 0x06, 0x66, 0x66, 0x66, 0xf8, 0x66, 0x66, 0x66, 0x10, 0x66, 0x66, 0x66, 0x6f, 0x86, 0x66, 
    0x66, 0x61, 0x00, 0x36, 0x66, 0x66, 0xf8, 0x66, 0x66, 0x30, 0x00, 0x06, 0xd6, 0x66, 0x6f, 0x86, 
    0x66, 0xd6, 0x00, 0x00, 0x6d, 0x66, 0x66, 0xf8, 0x66, 0x6d, 0x60, 0x00, 0x06, 0xd6, 0x66, 0x6f, 
    0x86, 0x66, 0xd6, 0x00, 0x00, 0x6d, 0x66, 0x66, 0xf8, 0x66, 0x6d, 0x60, 0x00, 0x03, 0x66, 0x66, 
    0x6f, 0x86, 0x66, 0x63, 0x00, 0x00, 0x66, 0x66, 0x66, 0xf8, 0x66, 0x66, 0x61, 0x00, 0x06, 0x66, 
    0x66, 0x6f, 0x86, 0x66, 0x66, 0x10, 0x16, 0x66, 0x66, 0x66, 0xf8, 0x66, 0x66, 0x66, 0x11, 0x66, 
    0x66, 0x66, 0x66, 0x66, 0x66, 0x66, 0x61, 
    /* U+952E */
    0x00, 0x33, 0x00, 0x00, 0x00, 0x04, 0x30, 0x00, 0x00, 0x08, 0x80, 0x00, 0x00, 0x00, 0xa6, 0x00, 
    0x00, 0x00, 0xf4, 0x01, 0x66, 0x34, 0x6d, 0xa6, 0x61, 0x00, 0x4f, 0x86, 0x36, 0xd5, 0x46, 0xda, 
    0x6f, 0x30, 0x0a, 0xa6, 0x61, 0x3d, 0x46, 0x6d, 0xa6, 0xf8, 0x12, 0xf7, 0x66, 0x0d, 0x33, 0x66, 
    0xda, 0x6f, 0x81, 0x04, 0xad, 0x65, 0xd6, 0x34, 0x6d, 0xa6, 0xf3, 0x00, 0x06, 0xa0, 0x36, 0xa6, 
    0x46, 0xda, 0x6f, 0x30, 0x16, 0xad, 0x63, 0x07, 0x66, 0x6d, 0xa6, 0xf3, 0x01, 0x6a, 0xd6, 0x61, 
    0xa4, 0x66, 0xda, 0x66, 0x10, 0x00, 0x6a, 0x06, 0x9d, 0x46, 0x6d, 0xa6, 0x63, 0x00, 0x06, 0xa1, 
    0x1f, 0xc3, 0x66, 0xda, 0x66, 0x30, 0x00, 0x6d, 0xd2, 0x8f, 0x40, 0x0a, 0x60, 0x00, 0x00, 0x0c, 
    0xf2, 0x3f, 0x4d, 0xd7, 0xda, 0x66, 0x61, 0x00, 0x40, 0x1f, 0x40, 0x03, 0x66, 0x66, 0x66, 0x00, 
    0x00, 0x00, 0x30, 0x00, 0x00, 0x00, 0x00, 0x00, 
    /* U+957F */
    0x00, 0x16, 0x00, 0x00, 0x00, 0x00, 0x20, 0x00, 0x03, 0xf0, 0x00, 0x00, 0x03, 0xf6, 0x00, 0x00, 
    0x3f, 0x00, 0x00, 0x07, 0xf4, 0x00, 0x00, 0x03, 0xf0, 0x00, 0x5f, 0x70, 0x00, 0x00, 0x00, 0x3f, 
    0x06, 0xf8, 0x10, 0x00, 0x00, 0x00, 0x03, 0xf0, 0x40, 0x00, 0x00, 0x00, 0x00, 0x66, 0x8f, 0x66, 
    0x66, 0x66, 0x66, 0x66, 0x46, 0x68, 0xf6, 0x69, 0xf6, 0x66, 0x66, 0x64, 0x00, 0x3f, 0x00, 0x0d, 
    0x60, 0x00, 0x00, 0x00, 0x03, 0xf0, 0x00, 0x2f, 0x40, 0x00, 0x00, 0x00, 0x3f, 0x00, 0x14, 0x4f, 
    0x40, 0x00, 0x00, 0x03, 0xf4, 0x9f, 0x50, 0x2c, 0xa2, 0x00, 0x00, 0x7f, 0xa4, 0x00, 0x00, 0x04, 
    0xda, 0x50, 0x00, 0x30, 0x00, 0x00, 0x00, 0x00, 0x42, 
    /* U+9700 */
    0x00, 0x66, 0x66, 0x66, 0x66, 0x66, 0x66, 0x60, 0x00, 0x06, 0x66, 0x66, 0x6f, 0x86, 0x66, 0x66, 
    0x00, 0x04, 0x66, 0x66, 0x66, 0xf8, 0x66, 0x66, 0x64, 0x00, 0xaa, 0x66, 0x66, 0x6f, 0x86, 0x66, 
    0x6a, 0xa0, 0x0a, 0x63, 0x66, 0x61, 0xf3, 0x66, 0x63, 0x6a, 0x00, 0x43, 0x36, 0x66, 0x1f, 0x36, 
    0x66, 0x33, 0x40, 0x00, 0x03, 0x66, 0x61, 0xf3, 0x66, 0x63, 0x00, 0x00, 0x00, 0x36, 0x66, 0x16, 
    0x16, 0x66, 0x30, 0x00, 0x16, 0x66, 0x66, 0x66, 0x66, 0x66, 0x66, 0x66, 0x11, 0x66, 0x66, 0x66, 
    0xad, 0x66, 0x66, 0x66, 0x61, 0x00, 0x46, 0x66, 0x6d, 0xa6, 0x66, 0x66, 0x40, 0x00, 0x0a, 0xa6, 
    0x6f, 0x86, 0x8f, 0x66, 0xaa, 0x00, 0x00, 0xa6, 0x00, 0xf3, 0x03, 0xf0, 0x06, 0xa0, 0x00, 0x0a, 
    0x60, 0x0f, 0x30, 0x3f, 0x36, 0xaa, 0x00, 0x00, 0x43, 0x00, 0x61, 0x01, 0x61, 0x66, 0x10, 0x00, 
    /* U+9762 */
    0x66, 0x66, 0x66, 0x66, 0x66, 0x66, 0x66, 0x66, 0x66, 0x66, 0x6d, 0xc6, 0x66, 0x66, 0x66, 0x00, 
    0x00, 0x00, 0xf3, 0x00, 0x00, 0x00, 0x01, 0x66, 0x66, 0x9f, 0x66, 0x66, 0x66, 0x61, 0x3f, 0x66, 
    0xad, 0x66, 0x6d, 0xa6, 0x6f, 0x33, 0xf0, 0x06, 0xa0, 0x00, 0xa6, 0x00, 0xf3, 0x3f, 0x00, 0x6d, 
    0x66, 0x6d, 0x60, 0x0f, 0x33, 0xf0, 0x06, 0xd6, 0x66, 0xd6, 0x00, 0xf3, 0x3f, 0x00, 0x6a, 0x00, 
    0x0a, 0x60, 0x0f, 0x33, 0xf0, 0x06, 0xd6, 0x66, 0xd6, 0x00, 0xf3, 0x3f, 0x00, 0x6d, 0x66, 0x6d, 
    0x60, 0x0f, 0x33, 0xf0, 0x06, 0xa0, 0x00, 0xa6, 0x00, 0xf3, 0x3f, 0x66, 0xad, 0x66, 0x6d, 0xa6, 
    0x6f, 0x33, 0xf6, 0x66, 0x66, 0x66, 0x66, 0x66, 0xf3, 0x16, 0x00, 0x00, 0x00, 0x00, 0x00, 0x06, 
    0x10, 
    /* U+9875 */
    0x66, 0x66, 0x66, 0x66, 0x66, 0x66, 0x66, 0x66, 0x66, 0x66, 0x69, 0xf6, 0x66, 0x66, 0x66, 0x00, 
    0x00, 0x00, 0x88, 0x00, 0x00, 0x00, 0x00, 0x16, 0x66, 0x6f, 0x86, 0x66, 0x66, 0x10, 0x03, 0xf6, 
    0x66, 0x66, 0x66, 0x66, 0xf3, 0x00, 0x3f, 0x00, 0x00, 0x61, 0x00, 0x0f, 0x30, 0x03, 0xf0, 0x00, 
    0x0f, 0x30, 0x00, 0xf3, 0x00, 0x3f, 0x00, 0x00, 0xf1, 0x00, 0x0f, 0x30, 0x03, 0xf0, 0x00, 0x0f, 
    0x00, 0x00, 0xf3, 0x00, 0x3f, 0x00, 0x03, 0xf0, 0x00, 0x0f, 0x30, 0x03, 0xf0, 0x00, 0x7d, 0x30, 
    0x00, 0xf3, 0x00, 0x16, 0x00, 0x1f, 0x8f, 0x91, 0x06, 0x10, 0x00, 0x00, 0x1c, 0x70, 0x18, 0xf6, 
    0x00, 0x00, 0x01, 0x6d, 0x50, 0x00, 0x03, 0xcd, 0x30, 0x5a, 0xf6, 0x00, 0x00, 0x00, 0x00, 0x5f, 
    0x64, 0x30, 0x00, 0x00, 0x00, 0x00, 0x00, 0x12, 
    /* U+9ED8 */
    0x00, 0x00, 0x00, 0x00, 0x00, 0x04, 0x30, 0x00, 0x00, 0x36, 0x66, 0x66, 0x63, 0x00, 0xa6, 0x30, 
    0x00, 0x06, 0xa6, 0xaa, 0x6a, 0x60, 0x0a, 0x6c, 0x80, 0x00, 0x67, 0x46, 0x64, 0x76, 0x00, 0xa6, 
    0x0f, 0x40, 0x06, 0x64, 0x66, 0x46, 0x60, 0x0a, 0x60, 0x20, 0x00, 0x6a, 0x6a, 0xa6, 0xa6, 0x66, 
    0xda, 0x66, 0x60, 0x06, 0xa6, 0xaa, 0x6a, 0x66, 0x6d, 0xa6, 0x66, 0x00, 0x33, 0x06, 0x60, 0x33, 
    0x00, 0xa9, 0x00, 0x00, 0x03, 0x66, 0xaa, 0x66, 0x30, 0x0f, 0xd0, 0x00, 0x00, 0x36, 0x6a, 0xa6, 
    0x63, 0x01, 0xfc, 0x10, 0x00, 0x00, 0x00, 0x66, 0x00, 0x00, 0x59, 0x76, 0x00, 0x00, 0x66, 0x8d, 
    0xda, 0xca, 0x0d, 0x42, 0xf0, 0x00, 0x07, 0x96, 0x48, 0x04, 0x14, 0xd0, 0x0a, 0x60, 0x00, 0x68, 
    0x58, 0x86, 0x24, 0xf4, 0x00, 0x2f, 0x20, 0x0d, 0x21, 0x31, 0x30, 0xc7, 0x00, 0x00, 0x6f, 0x10, 
    0x40, 0x00, 0x00, 0x03, 0x00, 0x00, 0x00, 0x30, 
    /* U+FF0C */
    0x06, 0x14, 0xf0, 0x79, 0x0c, 0x40, 0x60, 0x00, 
    /* U+FF1A */
    0x06, 0x06, 0xf6, 0x06, 0x00, 0x00, 0x00, 0x00, 0x00, 0x00, 0x00, 0x60, 0x6f, 0x60, 0x60, 
    /* U+FF1B */
    0x06, 0x04, 0xf6, 0x06, 0x00, 0x00, 0x00, 0x00, 0x00, 0x00, 0x00, 0x61, 0x4f, 0x07, 0x90, 0xc4, 
    0x06, 0x00, 
    /* U+FF1F */
    0x03, 0x66, 0x51, 0x03, 0xf8, 0x6a, 0xf4, 0x10, 0x00, 0x0a, 0xd0, 0x00, 0x00, 0x6f, 0x00, 0x00, 
    0x0a, 0xd0, 0x00, 0x08, 0xf4, 0x00, 0x08, 0xf4, 0x00, 0x04, 0xf5, 0x00, 0x00, 0x6f, 0x00, 0x00, 
    0x03, 0x60, 0x00, 0x00, 0x34, 0x00, 0x00, 0x0a, 0xf0, 0x00, 0x00, 0x34, 0x00, 0x00, 
};

static const lv_font_fmt_txt_glyph_dsc_t glyph_dsc[] = {
    {.bitmap_index = 0, .adv_w = 0, .box_w = 0, .box_h = 0, .ofs_x = 0, .ofs_y = 0} /* id = 0 reserved */,
    {.bitmap_index = 0, .adv_w = 80, .box_w = 0, .box_h = 0, .ofs_x = 0, .ofs_y = 0},
    {.bitmap_index = 0, .adv_w = 80, .box_w = 2, .box_h = 13, .ofs_x = 1, .ofs_y = 0},
    {.bitmap_index = 13, .adv_w = 112, .box_w = 4, .box_h = 5, .ofs_x = 1, .ofs_y = 8},
    {.bitmap_index = 23, .adv_w = 160, .box_w = 11, .box_h = 12, .ofs_x = -1, .ofs_y = 1},
    {.bitmap_index = 89, .adv_w = 144, .box_w = 8, .box_h = 16, .ofs_x = 0, .ofs_y = -2},
    {.bitmap_index = 153, .adv_w = 224, .box_w = 13, .box_h = 13, .ofs_x = 0, .ofs_y = 0},
    {.bitmap_index = 238, .adv_w = 224, .box_w = 14, .box_h = 13, .ofs_x = 0, .ofs_y = 0},
    {.bitmap_index = 329, .adv_w = 64, .box_w = 3, .box_h = 5, .ofs_x = 0, .ofs_y = 8},
    {.bitmap_index = 337, .adv_w = 80, .box_w = 5, .box_h = 16, .ofs_x = 0, .ofs_y = -3},
    {.bitmap_index = 377, .adv_w = 80, .box_w = 5, .box_h = 16, .ofs_x = -1, .ofs_y = -3},
    {.bitmap_index = 417, .adv_w = 112, .box_w = 7, .box_h = 7, .ofs_x = 0, .ofs_y = 6},
    {.bitmap_index = 442, .adv_w = 192, .box_w = 9, .box_h = 8, .ofs_x = 1, .ofs_y = 2},
    {.bitmap_index = 478, .adv_w = 64, .box_w = 3, .box_h = 5, .ofs_x = 0, .ofs_y = -2},
    {.bitmap_index = 486, .adv_w = 112, .box_w = 6, .box_h = 2, .ofs_x = 0, .ofs_y = 4},
    {.bitmap_index = 492, .adv_w = 64, .box_w = 3, .box_h = 3, .ofs_x = 0, .ofs_y = 0},
    {.bitmap_index = 497, .adv_w = 112, .box_w = 8, .box_h = 15, .ofs_x = -1, .ofs_y = -2},
    {.bitmap_index = 557, .adv_w = 144, .box_w = 9, .box_h = 13, .ofs_x = 0, .ofs_y = 0},
    {.bitmap_index = 616, .adv_w = 144, .box_w = 5, .box_h = 13, .ofs_x = 1, .ofs_y = 0},
    {.bitmap_index = 649, .adv_w = 144, .box_w = 9, .box_h = 13, .ofs_x = 0, .ofs_y = 0},
    {.bitmap_index = 708, .adv_w = 144, .box_w = 8, .box_h = 13, .ofs_x = 0, .ofs_y = 0},
    {.bitmap_index = 760, .adv_w = 144, .box_w = 10, .box_h = 13, .ofs_x = -1, .ofs_y = 0},
    {.bitmap_index = 825, .adv_w = 144, .box_w = 8, .box_h = 13, .ofs_x = 0, .ofs_y = 0},
    {.bitmap_index = 877, .adv_w = 144, .box_w = 9, .box_h = 13, .ofs_x = 0, .ofs_y = 0},
    {.bitmap_index = 936, .adv_w = 144, .box_w = 8, .box_h = 13, .ofs_x = 0, .ofs_y = 0},
    {.bitmap_index = 988, .adv_w = 144, .box_w = 9, .box_h = 13, .ofs_x = 0, .ofs_y = 0},
    {.bitmap_index = 1047, .adv_w = 144, .box_w = 8, .box_h = 13, .ofs_x = 0, .ofs_y = 0},
    {.bitmap_index = 1099, .adv_w = 64, .box_w = 3, .box_h = 10, .ofs_x = 0, .ofs_y = 0},
    {.bitmap_index = 1114, .adv_w = 64, .box_w = 4, .box_h = 12, .ofs_x = -1, .ofs_y = -2},
    {.bitmap_index = 1138, .adv_w = 192, .box_w = 9, .box_h = 8, .ofs_x = 1, .ofs_y = 1},
    {.bitmap_index = 1174, .adv_w = 192, .box_w = 9, .box_h = 5, .ofs_x = 1, .ofs_y = 3},
    {.bitmap_index = 1197, .adv_w = 192, .box_w = 9, .box_h = 8, .ofs_x = 1, .ofs_y = 1},
    {.bitmap_index = 1233, .adv_w = 128, .box_w = 7, .box_h = 13, .ofs_x = 0, .ofs_y = 0},
    {.bitmap_index = 1279, .adv_w = 256, .box_w = 14, .box_h = 15, .ofs_x = 1, .ofs_y = -2},
    {.bitmap_index = 1384, .adv_w = 176, .box_w = 12, .box_h = 13, .ofs_x = -1, .ofs_y = 0},
    {.bitmap_index = 1462, .adv_w = 160, .box_w = 8, .box_h = 13, .ofs_x = 1, .ofs_y = 0},
    {.bitmap_index = 1514, .adv_w = 176, .box_w = 10, .box_h = 13, .ofs_x = 0, .ofs_y = 0},
    {.bitmap_index = 1579, .adv_w = 192, .box_w = 10, .box_h = 13, .ofs_x = 1, .ofs_y = 0},
    {.bitmap_index = 1644, .adv_w = 144, .box_w = 7, .box_h = 13, .ofs_x = 1, .ofs_y = 0},
    {.bitmap_index = 1690, .adv_w = 128, .box_w = 7, .box_h = 13, .ofs_x = 1, .ofs_y = 0},
    {.bitmap_index = 1736, .adv_w = 192, .box_w = 11, .box_h = 13, .ofs_x = 0, .ofs_y = 0},
    {.bitmap_index = 1808, .adv_w = 192, .box_w = 10, .box_h = 13, .ofs_x = 1, .ofs_y = 0},
    {.bitmap_index = 1873, .adv_w = 80, .box_w = 2, .box_h = 13, .ofs_x = 1, .ofs_y = 0},
    {.bitmap_index = 1886, .adv_w = 96, .box_w = 6, .box_h = 13, .ofs_x = -1, .ofs_y = 0},
    {.bitmap_index = 1925, .adv_w = 160, .box_w = 9, .box_h = 13, .ofs_x = 1, .ofs_y = 0},
    {.bitmap_index = 1984, .adv_w = 128, .box_w = 7, .box_h = 13, .ofs_x = 1, .ofs_y = 0},
    {.bitmap_index = 2030, .adv_w = 256, .box_w = 13, .box_h = 13, .ofs_x = 1, .ofs_y = 0},
    {.bitmap_index = 2115, .adv_w = 208, .box_w = 10, .box_h = 13, .ofs_x = 1, .ofs_y = 0},
    {.bitmap_index = 2180, .adv_w = 208, .box_w = 12, .box_h = 13, .ofs_x = 0, .ofs_y = 0},
    {.bitmap_index = 2258, .adv_w = 160, .box_w = 8, .box_h = 13, .ofs_x = 1, .ofs_y = 0},
    {.bitmap_index = 2310, .adv_w = 208, .box_w = 13, .box_h = 15, .ofs_x = 0, .ofs_y = -2},
    {.bitmap_index = 2408, .adv_w = 160, .box_w = 9, .box_h = 13, .ofs_x = 1, .ofs_y = 0},
    {.bitmap_index = 2467, .adv_w = 144, .box_w = 8, .box_h = 13, .ofs_x = 0, .ofs_y = 0},
    {.bitmap_index = 2519, .adv_w = 144, .box_w = 10, .box_h = 13, .ofs_x = -1, .ofs_y = 0},
    {.bitmap_index = 2584, .adv_w = 192, .box_w = 9, .box_h = 13, .ofs_x = 1, .ofs_y = 0},
    {.bitmap_index = 2643, .adv_w = 176, .box_w = 12, .box_h = 13, .ofs_x = -1, .ofs_y = 0},
    {.bitmap_index = 2721, .adv_w = 256, .box_w = 17, .box_h = 13, .ofs_x = -1, .ofs_y = 0},
    {.bitmap_index = 2832, .adv_w = 160, .box_w = 11, .box_h = 13, .ofs_x = -1, .ofs_y = 0},
    {.bitmap_index = 2904, .adv_w = 160, .box_w = 10, .box_h = 13, .ofs_x = -1, .ofs_y = 0},
    {.bitmap_index = 2969, .adv_w = 160, .box_w = 10, .box_h = 13, .ofs_x = -1, .ofs_y = 0},
    {.bitmap_index = 3034, .adv_w = 80, .box_w = 4, .box_h = 16, .ofs_x = 1, .ofs_y = -3},
    {.bitmap_index = 3066, .adv_w = 112, .box_w = 8, .box_h = 15, .ofs_x = -1, .ofs_y = -2},
    {.bitmap_index = 3126, .adv_w = 80, .box_w = 4, .box_h = 16, .ofs_x = 0, .ofs_y = -3},
    {.bitmap_index = 3158, .adv_w = 192, .box_w = 9, .box_h = 8, .ofs_x = 1, .ofs_y = 5},
    {.bitmap_index = 3194, .adv_w = 112, .box_w = 8, .box_h = 2, .ofs_x = -1, .ofs_y = -4},
    {.bitmap_index = 3202, .adv_w = 80, .box_w = 4, .box_h = 4, .ofs_x = 0, .ofs_y = 10},
    {.bitmap_index = 3210, .adv_w = 144, .box_w = 8, .box_h = 10, .ofs_x = 0, .ofs_y = 0},
    {.bitmap_index = 3250, .adv_w = 160, .box_w = 9, .box_h = 14, .ofs_x = 0, .ofs_y = 0},
    {.bitmap_index = 3313, .adv_w = 128, .box_w = 7, .box_h = 10, .ofs_x = 0, .ofs_y = 0},
    {.bitmap_index = 3348, .adv_w = 160, .box_w = 9, .box_h = 14, .ofs_x = 0, .ofs_y = 0},
    {.bitmap_index = 3411, .adv_w = 144, .box_w = 8, .box_h = 10, .ofs_x = 0, .ofs_y = 0},
    {.bitmap_index = 3451, .adv_w = 96, .box_w = 6, .box_h = 14, .ofs_x = 0, .ofs_y = 0},
    {.bitmap_index = 3493, .adv_w = 160, .box_w = 9, .box_h = 14, .ofs_x = 0, .ofs_y = -4},
    {.bitmap_index = 3556, .adv_w = 160, .box_w = 9, .box_h = 14, .ofs_x = 0, .ofs_y = 0},
    {.bitmap_index = 3619, .adv_w = 64, .box_w = 3, .box_h = 14, .ofs_x = 0, .ofs_y = 0},
    {.bitmap_index = 3640, .adv_w = 64, .box_w = 6, .box_h = 18, .ofs_x = -3, .ofs_y = -4},
    {.bitmap_index = 3694, .adv_w = 144, .box_w = 9, .box_h = 14, .ofs_x = 0, .ofs_y = 0},
    {.bitmap_index = 3757, .adv_w = 64, .box_w = 3, .box_h = 14, .ofs_x = 0, .ofs_y = 0},
    {.bitmap_index = 3778, .adv_w = 240, .box_w = 14, .box_h = 10, .ofs_x = 0, .ofs_y = 0},
    {.bitmap_index = 3848, .adv_w = 160, .box_w = 9, .box_h = 10, .ofs_x = 0, .ofs_y = 0},
    {.bitmap_index = 3893, .adv_w = 160, .box_w = 9, .box_h = 10, .ofs_x = 0, .ofs_y = 0},
    {.bitmap_index = 3938, .adv_w = 160, .box_w = 9, .box_h = 14, .ofs_x = 0, .ofs_y = -4},
    {.bitmap_index = 4001, .adv_w = 160, .box_w = 9, .box_h = 14, .ofs_x = 0, .ofs_y = -4},
    {.bitmap_index = 4064, .adv_w = 96, .box_w = 6, .box_h = 10, .ofs_x = 0, .ofs_y = 0},
    {.bitmap_index = 4094, .adv_w = 112, .box_w = 7, .box_h = 10, .ofs_x = 0, .ofs_y = 0},
    {.bitmap_index = 4129, .adv_w = 96, .box_w = 6, .box_h = 13, .ofs_x = -1, .ofs_y = 0},
    {.bitmap_index = 4168, .adv_w = 160, .box_w = 8, .box_h = 10, .ofs_x = 0, .ofs_y = 0},
    {.bitmap_index = 4208, .adv_w = 128, .box_w = 9, .box_h = 10, .ofs_x = -1, .ofs_y = 0},
    {.bitmap_index = 4253, .adv_w = 208, .box_w = 13, .box_h = 10, .ofs_x = -1, .ofs_y = 0},
    {.bitmap_index = 4318, .adv_w = 128, .box_w = 9, .box_h = 10, .ofs_x = -1, .ofs_y = 0},
    {.bitmap_index = 4363, .adv_w = 128, .box_w = 9, .box_h = 14, .ofs_x = -1, .ofs_y = -4},
    {.bitmap_index = 4426, .adv_w = 128, .box_w = 8, .box_h = 10, .ofs_x = -1, .ofs_y = 0},
    {.bitmap_index = 4466, .adv_w = 80, .box_w = 5, .box_h = 16, .ofs_x = 0, .ofs_y = -3},
    {.bitmap_index = 4506, .adv_w = 64, .box_w = 2, .box_h = 18, .ofs_x = 1, .ofs_y = -4},
    {.bitmap_index = 4524, .adv_w = 80, .box_w = 4, .box_h = 16, .ofs_x = 0, .ofs_y = -3},
    {.bitmap_index = 4556, .adv_w = 192, .box_w = 9, .box_h = 3, .ofs_x = 1, .ofs_y = 4},
    {.bitmap_index = 4570, .adv_w = 64, .box_w = 3, .box_h = 3, .ofs_x = 0, .ofs_y = 4},
    {.bitmap_index = 4575, .adv_w = 256, .box_w = 5, .box_h = 5, .ofs_x = 0, .ofs_y = -2},
    {.bitmap_index = 4588, .adv_w = 256, .box_w = 5, .box_h = 5, .ofs_x = 0, .ofs_y = -2},
    {.bitmap_index = 4601, .adv_w = 256, .box_w = 16, .box_h = 14, .ofs_x = 0, .ofs_y = -1},
    {.bitmap_index = 4713, .adv_w = 256, .box_w = 16, .box_h = 15, .ofs_x = 0, .ofs_y = -2},
    {.bitmap_index = 4833, .adv_w = 256, .box_w = 17, .box_h = 15, .ofs_x = -1, .ofs_y = -2},
    {.bitmap_index = 4961, .adv_w = 256, .box_w = 15, .box_h = 16, .ofs_x = 0, .ofs_y = -2},
    {.bitmap_index = 5081, .adv_w = 256, .box_w = 16, .box_h = 16, .ofs_x = -1, .ofs_y = -2},
    {.bitmap_index = 5209, .adv_w = 256, .box_w = 16, .box_h = 16, .ofs_x = 0, .ofs_y = -2},
    {.bitmap_index = 5337, .adv_w = 256, .box_w = 16, .box_h = 16, .ofs_x = 0, .ofs_y = -2},
    {.bitmap_index = 5465, .adv_w = 256, .box_w = 17, .box_h = 16, .ofs_x = -1, .ofs_y = -2},
    {.bitmap_index = 5601, .adv_w = 256, .box_w = 17, .box_h = 16, .ofs_x = -1, .ofs_y = -2},
    {.bitmap_index = 5737, .adv_w = 256, .box_w = 17, .box_h = 15, .ofs_x = -1, .ofs_y = -1},
    {.bitmap_index = 5865, .adv_w = 256, .box_w = 17, .box_h = 15, .ofs_x = -1, .ofs_y = -1},
    {.bitmap_index = 5993, .adv_w = 256, .box_w = 17, .box_h = 16, .ofs_x = -1, .ofs_y = -2},
    {.bitmap_index = 6129, .adv_w = 256, .box_w = 17, .box_h = 16, .ofs_x = -1, .ofs_y = -2},
    {.bitmap_index = 6265, .adv_w = 256, .box_w = 16, .box_h = 15, .ofs_x = -1, .ofs_y = -2},
    {.bitmap_index = 6385, .adv_w = 256, .box_w = 13, .box_h = 16, .ofs_x = 1, .ofs_y = -2},
    {.bitmap_index = 6489, .adv_w = 256, .box_w = 17, .box_h = 16, .ofs_x = -1, .ofs_y = -2},
    {.bitmap_index = 6625, .adv_w = 256, .box_w = 16, .box_h = 16, .ofs_x = -1, .ofs_y = -2},
    {.bitmap_index = 6753, .adv_w = 256, .box_w = 15, .box_h = 15, .ofs_x = 0, .ofs_y = -1},
    {.bitmap_index = 6866, .adv_w = 256, .box_w = 15, .box_h = 15, .ofs_x = 0, .ofs_y = -1},
    {.bitmap_index = 6979, .adv_w = 256, .box_w = 16, .box_h = 14, .ofs_x = -1, .ofs_y = -1},
    {.bitmap_index = 7091, .adv_w = 256, .box_w = 16, .box_h = 15, .ofs_x = 0, .ofs_y = -1},
    {.bitmap_index = 7211, .adv_w = 256, .box_w = 15, .box_h = 15, .ofs_x = 0, .ofs_y = -1},
    {.bitmap_index = 7324, .adv_w = 256, .box_w = 17, .box_h = 16, .ofs_x = -1, .ofs_y = -2},
    {.bitmap_index = 7460, .adv_w = 256, .box_w = 14, .box_h = 16, .ofs_x = 1, .ofs_y = -2},
    {.bitmap_index = 7572, .adv_w = 256, .box_w = 17, .box_h = 14, .ofs_x = -1, .ofs_y = -1},
    {.bitmap_index = 7691, .adv_w = 256, .box_w = 17, .box_h = 15, .ofs_x = -1, .ofs_y = -1},
    {.bitmap_index = 7819, .adv_w = 256, .box_w = 13, .box_h = 15, .ofs_x = 1, .ofs_y = -2},
    {.bitmap_index = 7917, .adv_w = 256, .box_w = 17, .box_h = 14, .ofs_x = -1, .ofs_y = -1},
    {.bitmap_index = 8036, .adv_w = 256, .box_w = 16, .box_h = 16, .ofs_x = -1, .ofs_y = -2},
    {.bitmap_index = 8164, .adv_w = 256, .box_w = 14, .box_h = 15, .ofs_x = 0, .ofs_y = -1},
    {.bitmap_index = 8269, .adv_w = 256, .box_w = 16, .box_h = 16, .ofs_x = -1, .ofs_y = -2},
    {.bitmap_index = 8397, .adv_w = 256, .box_w = 15, .box_h = 15, .ofs_x = 0, .ofs_y = -2},
    {.bitmap_index = 8510, .adv_w = 256, .box_w = 17, .box_h = 16, .ofs_x = -1, .ofs_y = -2},
    {.bitmap_index = 8646, .adv_w = 256, .box_w = 17, .box_h = 16, .ofs_x = -1, .ofs_y = -2},
    {.bitmap_index = 8782, .adv_w = 256, .box_w = 17, .box_h = 15, .ofs_x = -1, .ofs_y = -1},
    {.bitmap_index = 8910, .adv_w = 256, .box_w = 16, .box_h = 16, .ofs_x = 0, .ofs_y = -2},
    {.bitmap_index = 9038, .adv_w = 256, .box_w = 17, .box_h = 15, .ofs_x = -1, .ofs_y = -1},
    {.bitmap_index = 9166, .adv_w = 256, .box_w = 17, .box_h = 16, .ofs_x = -1, .ofs_y = -2},
    {.bitmap_index = 9302, .adv_w = 256, .box_w = 17, .box_h = 16, .ofs_x = -1, .ofs_y = -2},
    {.bitmap_index = 9438, .adv_w = 256, .box_w = 15, .box_h = 16, .ofs_x = 0, .ofs_y = -2},
    {.bitmap_index = 9558, .adv_w = 256, .box_w = 17, .box_h = 16, .ofs_x = -1, .ofs_y = -2},
    {.bitmap_index = 9694, .adv_w = 256, .box_w = 15, .box_h = 14, .ofs_x = 0, .ofs_y = -1},
    {.bitmap_index = 9799, .adv_w = 256, .box_w = 15, .box_h = 16, .ofs_x = 0, .ofs_y = -2},
    {.bitmap_index = 9919, .adv_w = 256, .box_w = 17, .box_h = 15, .ofs_x = -1, .ofs_y = -2},
    {.bitmap_index = 10047, .adv_w = 256, .box_w = 17, .box_h = 16, .ofs_x = -1, .ofs_y = -2},
    {.bitmap_index = 10183, .adv_w = 256, .box_w = 17, .box_h = 15, .ofs_x = -1, .ofs_y = -2},
    {.bitmap_index = 10311, .adv_w = 256, .box_w = 14, .box_h = 16, .ofs_x = 0, .ofs_y = -2},
    {.bitmap_index = 10423, .adv_w = 256, .box_w = 16, .box_h = 15, .ofs_x = 0, .ofs_y = -1},
    {.bitmap_index = 10543, .adv_w = 256, .box_w = 16, .box_h = 15, .ofs_x = -1, .ofs_y = -1},
    {.bitmap_index = 10663, .adv_w = 256, .box_w = 17, .box_h = 15, .ofs_x = -1, .ofs_y = -1},
    {.bitmap_index = 10791, .adv_w = 256, .box_w = 17, .box_h = 15, .ofs_x = -1, .ofs_y = -1},
    {.bitmap_index = 10919, .adv_w = 256, .box_w = 17, .box_h = 16, .ofs_x = -1, .ofs_y = -2},
    {.bitmap_index = 11055, .adv_w = 256, .box_w = 17, .box_h = 16, .ofs_x = -1, .ofs_y = -2},
    {.bitmap_index = 11191, .adv_w = 256, .box_w = 17, .box_h = 15, .ofs_x = -1, .ofs_y = -1},
    {.bitmap_index = 11319, .adv_w = 256, .box_w = 17, .box_h = 15, .ofs_x = -1, .ofs_y = -1},
    {.bitmap_index = 11447, .adv_w = 256, .box_w = 15, .box_h = 14, .ofs_x = 0, .ofs_y = -1},
    {.bitmap_index = 11552, .adv_w = 256, .box_w = 11, .box_h = 15, .ofs_x = 2, .ofs_y = -2},
    {.bitmap_index = 11635, .adv_w = 256, .box_w = 16, .box_h = 15, .ofs_x = 0, .ofs_y = -1},
    {.bitmap_index = 11755, .adv_w = 256, .box_w = 17, .box_h = 15, .ofs_x = -1, .ofs_y = -2},
    {.bitmap_index = 11883, .adv_w = 256, .box_w = 17, .box_h = 17, .ofs_x = -1, .ofs_y = -2},
    {.bitmap_index = 12028, .adv_w = 256, .box_w = 17, .box_h = 15, .ofs_x = -1, .ofs_y = -1},
    {.bitmap_index = 12156, .adv_w = 256, .box_w = 16, .box_h = 15, .ofs_x = -1, .ofs_y = -1},
    {.bitmap_index = 12276, .adv_w = 256, .box_w = 17, .box_h = 16, .ofs_x = -1, .ofs_y = -2},
    {.bitmap_index = 12412, .adv_w = 256, .box_w = 17, .box_h = 16, .ofs_x = -1, .ofs_y = -2},
    {.bitmap_index = 12548, .adv_w = 256, .box_w = 17, .box_h = 15, .ofs_x = -1, .ofs_y = -1},
    {.bitmap_index = 12676, .adv_w = 256, .box_w = 17, .box_h = 14, .ofs_x = -1, .ofs_y = -1},
    {.bitmap_index = 12795, .adv_w = 256, .box_w = 17, .box_h = 15, .ofs_x = -1, .ofs_y = -1},
    {.bitmap_index = 12923, .adv_w = 256, .box_w = 16, .box_h = 14, .ofs_x = -1, .ofs_y = -1},
    {.bitmap_index = 13035, .adv_w = 256, .box_w = 17, .box_h = 15, .ofs_x = -1, .ofs_y = -2},
    {.bitmap_index = 13163, .adv_w = 256, .box_w = 15, .box_h = 14, .ofs_x = 0, .ofs_y = -1},
    {.bitmap_index = 13268, .adv_w = 256, .box_w = 15, .box_h = 15, .ofs_x = 0, .ofs_y = -1},
    {.bitmap_index = 13381, .adv_w = 256, .box_w = 16, .box_h = 15, .ofs_x = 0, .ofs_y = -2},
    {.bitmap_index = 13501, .adv_w = 256, .box_w = 15, .box_h = 16, .ofs_x = 0, .ofs_y = -2},
    {.bitmap_index = 13621, .adv_w = 256, .box_w = 17, .box_h = 15, .ofs_x = -1, .ofs_y = -1},
    {.bitmap_index = 13749, .adv_w = 256, .box_w = 16, .box_h = 15, .ofs_x = -1, .ofs_y = -1},
    {.bitmap_index = 13869, .adv_w = 256, .box_w = 17, .box_h = 16, .ofs_x = -1, .ofs_y = -2},
    {.bitmap_index = 14005, .adv_w = 256, .box_w = 16, .box_h = 17, .ofs_x = -1, .ofs_y = -2},
    {.bitmap_index = 14141, .adv_w = 256, .box_w = 16, .box_h = 15, .ofs_x = -1, .ofs_y = -1},
    {.bitmap_index = 14261, .adv_w = 256, .box_w = 16, .box_h = 15, .ofs_x = -1, .ofs_y = -1},
    {.bitmap_index = 14381, .adv_w = 256, .box_w = 17, .box_h = 15, .ofs_x = -1, .ofs_y = -1},
    {.bitmap_index = 14509, .adv_w = 256, .box_w = 16, .box_h = 15, .ofs_x = -1, .ofs_y = -1},
    {.bitmap_index = 14629, .adv_w = 256, .box_w = 17, .box_h = 15, .ofs_x = -1, .ofs_y = -1},
    {.bitmap_index = 14757, .adv_w = 256, .box_w = 17, .box_h = 14, .ofs_x = -1, .ofs_y = -1},
    {.bitmap_index = 14876, .adv_w = 256, .box_w = 17, .box_h = 16, .ofs_x = -1, .ofs_y = -2},
    {.bitmap_index = 15012, .adv_w = 256, .box_w = 16, .box_h = 16, .ofs_x = 0, .ofs_y = -2},
    {.bitmap_index = 15140, .adv_w = 256, .box_w = 17, .box_h = 15, .ofs_x = -1, .ofs_y = -2},
    {.bitmap_index = 15268, .adv_w = 256, .box_w = 16, .box_h = 16, .ofs_x = -1, .ofs_y = -2},
    {.bitmap_index = 15396, .adv_w = 256, .box_w = 17, .box_h = 15, .ofs_x = -1, .ofs_y = -2},
    {.bitmap_index = 15524, .adv_w = 256, .box_w = 17, .box_h = 16, .ofs_x = -1, .ofs_y = -2},
    {.bitmap_index = 15660, .adv_w = 256, .box_w = 17, .box_h = 16, .ofs_x = -1, .ofs_y = -2},
    {.bitmap_index = 15796, .adv_w = 256, .box_w = 17, .box_h = 15, .ofs_x = -1, .ofs_y = -1},
    {.bitmap_index = 15924, .adv_w = 256, .box_w = 16, .box_h = 15, .ofs_x = -1, .ofs_y = -1},
    {.bitmap_index = 16044, .adv_w = 256, .box_w = 16, .box_h = 16, .ofs_x = 0, .ofs_y = -2},
    {.bitmap_index = 16172, .adv_w = 256, .box_w = 17, .box_h = 16, .ofs_x = -1, .ofs_y = -2},
    {.bitmap_index = 16308, .adv_w = 256, .box_w = 17, .box_h = 16, .ofs_x = -1, .ofs_y = -2},
    {.bitmap_index = 16444, .adv_w = 256, .box_w = 17, .box_h = 17, .ofs_x = -1, .ofs_y = -2},
    {.bitmap_index = 16589, .adv_w = 256, .box_w = 17, .box_h = 16, .ofs_x = -1, .ofs_y = -2},
    {.bitmap_index = 16725, .adv_w = 256, .box_w = 17, .box_h = 16, .ofs_x = -1, .ofs_y = -2},
    {.bitmap_index = 16861, .adv_w = 256, .box_w = 17, .box_h = 14, .ofs_x = -1, .ofs_y = -1},
    {.bitmap_index = 16980, .adv_w = 256, .box_w = 17, .box_h = 16, .ofs_x = -1, .ofs_y = -2},
    {.bitmap_index = 17116, .adv_w = 256, .box_w = 16, .box_h = 15, .ofs_x = 0, .ofs_y = -2},
    {.bitmap_index = 17236, .adv_w = 256, .box_w = 17, .box_h = 14, .ofs_x = -1, .ofs_y = -1},
    {.bitmap_index = 17355, .adv_w = 256, .box_w = 17, .box_h = 16, .ofs_x = -1, .ofs_y = -2},
    {.bitmap_index = 17491, .adv_w = 256, .box_w = 15, .box_h = 14, .ofs_x = 0, .ofs_y = -1},
    {.bitmap_index = 17596, .adv_w = 256, .box_w = 17, .box_h = 15, .ofs_x = -1, .ofs_y = -2},
    {.bitmap_index = 17724, .adv_w = 256, .box_w = 15, .box_h = 15, .ofs_x = 0, .ofs_y = -2},
    {.bitmap_index = 17837, .adv_w = 256, .box_w = 15, .box_h = 16, .ofs_x = 0, .ofs_y = -2},
    {.bitmap_index = 17957, .adv_w = 256, .box_w = 17, .box_h = 16, .ofs_x = -1, .ofs_y = -2},
    {.bitmap_index = 18093, .adv_w = 256, .box_w = 3, .box_h = 5, .ofs_x = 2, .ofs_y = -2},
    {.bitmap_index = 18101, .adv_w = 256, .box_w = 3, .box_h = 10, .ofs_x = 2, .ofs_y = 0},
    {.bitmap_index = 18116, .adv_w = 256, .box_w = 3, .box_h = 12, .ofs_x = 2, .ofs_y = -2},
    {.bitmap_index = 18134, .adv_w = 256, .box_w = 7, .box_h = 13, .ofs_x = 0, .ofs_y = 0}
};

static const uint16_t unicode_list_1[] = {
    0, 12106, 12107, 19795, 19796, 19798, 19843, 19990, 
    20014, 20067, 20120, 20133, 20262, 20266, 20387, 20389, 
    20654, 20803, 20804, 20816, 20852, 20857, 20863, 20886, 
    20977, 21150, 21161, 21279, 21281, 21292, 21304, 21335, 
    21338, 21368, 22055, 22129, 22608, 22614, 22650, 23201, 
    23267, 23375, 23395, 23418, 23867, 23937, 24137, 24152, 
    24195, 24220, 24352, 24491, 24921, 24988, 25138, 25170, 
    25259, 25849, 25897, 25902, 25919, 25976, 26059, 26194, 
    26227, 26286, 26986, 27242, 27308, 27626, 27857, 29433, 
    29809, 29822, 29845, 29858, 30241, 30647, 30730, 31044, 
    31062, 32240, 32304, 32307, 32310, 32439, 32858, 33573, 
    35018, 35565, 35591, 35599, 35614, 35648, 35660, 35950, 
    36550, 36637, 36642, 36644, 36681, 36690, 36707, 37014, 
    37142, 38007, 38088, 38473, 38571, 38846, 40481, 65109, 
    65123, 65124, 65128, 
};

static const lv_font_fmt_txt_cmap_t cmaps[] = {
    {
        .range_start = 32, .range_length = 95, .glyph_id_start = 1,
        .unicode_list = NULL, .glyph_id_ofs_list = NULL, .list_length = 0,
        .type = LV_FONT_FMT_TXT_CMAP_FORMAT0_TINY
    },
    {
        .range_start = 183, .range_length = 65129, .glyph_id_start = 96,
        .unicode_list = unicode_list_1, .glyph_id_ofs_list = NULL, .list_length = 115,
        .type = LV_FONT_FMT_TXT_CMAP_SPARSE_TINY
    }
};

static const lv_font_fmt_txt_dsc_t font_dsc = {
    .glyph_bitmap = glyph_bitmap,
    .glyph_dsc = glyph_dsc,
    .cmaps = cmaps,
    .kern_dsc = NULL,
    .kern_scale = 0,
    .cmap_num = 2,
    .bpp = 4,
    .kern_classes = 0,
    .bitmap_format = 0,
    .stride = 0
};

const lv_font_t ui_font_zh_16 = {
    .get_glyph_dsc = lv_font_get_glyph_dsc_fmt_txt,
    .get_glyph_bitmap = lv_font_get_bitmap_fmt_txt,
    .line_height = 22,
    .base_line = 5,
    .subpx = LV_FONT_SUBPX_NONE,
    .underline_position = -1,
    .underline_thickness = 1,
    .dsc = &font_dsc,
    .fallback = &lv_font_source_han_sans_sc_16_cjk,
    .user_data = NULL
};

#endif
